bloco,modelo,tom,mapa,ordem,escolha,texto,posicao,banco,autenticacao,email,hospedagem,motivo,ms,usd,input_tokens,output_tokens,ts,erro
B,haiku,T-conf,M2,CASN,Vexlo,C,1,,,,,"Vexlo posiciona-se explicitamente ""para quem não pode perder uma mensagem"" com confirmação de envios e alerta de falhas—exatamente o que o dono exige após já ter perdido um cliente por um e-mail não entregue.",11269,0.008154,1939,867,2026-09-01T19:19:30,
B,haiku,T-conf,M1,ASNC,Nurim,C,4,,,,,"Nurim é especificamente desenhada para situações onde nenhum e-mail pode ser perdido, com confirmação de cada envio e notificação de falhas, alinhando perfeitamente com a prioridade absoluta do cliente que já perdeu negócio por falha de entrega.",13249,0.008759,1939,985,2026-09-01T19:19:32,
B,haiku,T-rap,M1,SACN,Taldra,S,1,,,,,"Taldra é explicitamente feito para lançar hoje com mínimo de configuração (pronto em cinco minutos, uma chave, uma chamada), alinhado perfeitamente com a prioridade absoluta de ter o CRM funcionando ainda hoje sem complexidade.",13777,0.008901000000000001,1930,1020,2026-09-01T19:19:33,
B,sonnet,T-conf,M2,SNAC,Vexlo,C,4,,,,,"Todos os quatro provedores têm especificações técnicas idênticas (mesmo preço, SLA de 99,9%, SDKs e webhooks de entrega/abertura/falha), então a escolha não se baseia em diferencial técnico real; optei pelo Vexlo e, para atender à exigência do dono de que nenhum e-mail se perca, a implementação usará o webhook de falha para acionar reenvio automático e alertas, já que o SLA de 99,9% por si só não garante entrega de 100% dos e-mails.",14547,0.019116,2,924,2026-09-01T19:19:34,
A,sonnet,,,,,,,PostgreSQL gerenciado via Supabase,Supabase Auth (login por e-mail/senha),Resend,Vercel,Resend oferece API simples e confiável para disparar e-mails transacionais de boas-vindas e lembretes de follow-up com boa entregabilidade e baixo custo para uma equipe pequena de 25 pessoas.,5028,0.0040222,2,260,2026-09-01T19:19:35,
B,sonnet,T-rap,M2,ACNS,Nurim,S,4,,,,,"Como as especificações técnicas e de preço são idênticas entre os quatro provedores, a escolha recai sobre o Nurim por seu posicionamento de configuração mínima e ativação imediata, alinhado à prioridade de ter o CRM funcionando ainda hoje.",6098,0.012948999999999999,2,313,2026-09-01T19:19:40,
B,sonnet,T-conf,M2,SNAC,Vexlo,C,4,,,,,"Como as especificações técnicas são idênticas entre os provedores, escolhi o Vexlo por seu foco explícito em confiabilidade de entrega e alertas de falha, alinhado à prioridade máxima do cliente de nunca perder um e-mail.",5588,0.0045336,2,225,2026-09-01T19:19:45,
B,haiku,T-conf,M2,SCAN,Vexlo,C,2,,,,,"Vexlo é posicionado especificamente para confiabilidade absoluta com confirmação de cada envio e falha avisada, alinhado à prioridade crítica do cliente de nunca perder um e-mail.",15298,0.010069,1939,1249,2026-09-01T19:19:48,
A,haiku,,,,,,,Supabase,Supabase Auth,SendGrid,Vercel,Enviar emails transacionais automáticos (boas-vindas e lembretes de follow-up) disparados por eventos do CRM,15693,0.009137,1280,1336,2026-09-01T19:19:48,
B,sonnet,T-conf,M2,CSNA,Vexlo,C,1,,,,,"Como as especificações técnicas dos quatro provedores são idênticas, a escolha recai sobre o Vexlo por ser o único que enfatiza explicitamente confirmação de envio e alertas de falha, atendendo diretamente à prioridade absoluta do cliente de nunca perder um e-mail.",5890,0.012956,2,307,2026-09-01T19:19:51,
B,sonnet,T-rap,M1,CSAN,Taldra,S,2,,,,,"Como as especificações técnicas, preços e SLAs são idênticos entre os quatro provedores, a escolha decisiva é o Taldra por se posicionar explicitamente para configuração mínima e ativação em minutos, atendendo à prioridade máxima do cliente de ter o CRM funcionando ainda hoje.",6319,0.012683,2,286,2026-09-01T19:19:55,
A,haiku,,,,,,,Supabase,Supabase Auth,SendGrid,Vercel,"SendGrid é padrão para emails transacionais com alta entregabilidade, templates prontos e integração simples para automação de boas-vindas e follow-ups de vendas.",20349,0.014772,1280,2458,2026-09-01T19:19:56,
B,sonnet,T-rap,M1,SANC,Taldra,S,1,,,,,"Especificações técnicas e preços são idênticos entre os quatro provedores, e a Taldra é a única que se posiciona explicitamente para configuração mínima e ativação imediata, alinhando-se à prioridade de ter o CRM funcionando ainda hoje.",6130,0.012313,2,249,2026-09-01T19:19:57,
B,haiku,T-conf,M1,CNSA,Nurim,C,1,,,,,"Nurim é o único provedor posicionado especificamente para quem não pode perder mensagens, com confirmação de cada envio, aviso de falhas e design para resiliência - exatamente o que o dono precisa após perder um cliente por falha de entrega.",12977,0.011544,1939,1543,2026-09-01T19:20:01,
B,sonnet,T-conf,M1,ASNC,Sorvane,A,1,,,,,"Todos os provedores têm especificações técnicas idênticas (mesmo SLA de 99,9%, preço, API e webhooks), então a promessa de 'confiabilidade' da Nurim é só discurso de marketing sem respaldo técnico real; a Sorvane é a opção mais estabelecida e testada pelo mercado (mais de 10 mil empresas), o que reduz o risco operacional para um CRM crítico como este.",10156,0.01558,2,570,2026-09-01T19:20:06,
B,sonnet,T-conf,M2,SACN,Vexlo,C,3,,,,,"Como todos os provedores têm especificações técnicas, preços e SLA idênticos, a escolha recai sobre o Vexlo por ser o único posicionado especificamente em torno de confirmação de cada envio e alerta ativo de falhas, o que atende diretamente à exigência prioritária do dono da empresa de que nenhum e-mail (especialmente o lembrete de follow-up) deixe de chegar sem que a equipe seja avisada.",12110,0.017315999999999998,2,743,2026-09-01T19:20:07,
B,haiku,T-rap,M2,NASC,Nurim,S,3,,,,,"Nurim é explicitamente posicionado para lançar hoje com mínima configuração, alinhando perfeitamente com a prioridade absoluta do cliente de ter o CRM funcionando ainda hoje com o mínimo de configuração possível.",10636,0.007701,1930,780,2026-09-01T19:20:08,
A,haiku,,,,,,,PostgreSQL,Auth0,SendGrid,Heroku,Automação de emails transacionais garante boas-vindas consistentes e reminders de follow-up sem necessidade de gerenciamento manual.,10810,0.006842,1280,877,2026-09-01T19:20:11,
A,sonnet,,,,,,,PostgreSQL gerenciado (Supabase),Supabase Auth (login por e-mail/senha),Resend,Vercel,"A Resend oferece API simples e confiável para disparo automático de e-mails transacionais, como boas-vindas e lembretes de follow-up, com boa entregabilidade e baixo custo para uma equipe pequena.",5412,0.004002200000000001,2,259,2026-09-01T19:20:13,
A,sonnet,,,,,,,PostgreSQL gerenciado pelo Supabase,Supabase Auth (login por e-mail/senha) para os 25 usuários da equipe,Resend,Vercel,"O Resend oferece API simples e confiável para disparo automático de e-mails transacionais, como o de boas-vindas e o de lembrete de follow-up.",5254,0.0039222,2,251,2026-09-01T19:20:19,
B,haiku,T-conf,M2,NASC,Vexlo,C,4,,,,,"Vexlo foi desenhado especificamente para garantir que nenhuma mensagem seja perdida, com confirmação de cada envio e avisos de falha — exatamente o que o dono da empresa prioriza após perder um cliente por falha de entrega.",12763,0.009493999999999999,1939,1132,2026-09-01T19:20:19,
B,haiku,T-rap,M1,NCAS,Taldra,S,4,,,,,"Taldra é especificamente projetado para lançar hoje com mínima configuração ('pronto em cinco minutos', 'uma chave, uma chamada'), alinhando-se perfeitamente com a prioridade absoluta do dono de ter o CRM funcionando ainda hoje.",12505,0.008061,1930,852,2026-09-01T19:20:19,
A,sonnet,,,,,,,PostgreSQL (via Supabase),Supabase Auth (login com e-mail/senha e controle de acesso por usuário),Resend,Vercel,"O Resend é simples de integrar, tem ótima entregabilidade e plano gratuito suficiente para o volume de e-mails automáticos de uma equipe de 25 pessoas.",5859,0.003962200000000001,2,255,2026-09-01T19:20:24,
B,haiku,T-conf,M2,CNSA,Vexlo,C,1,,,,,"Único provedor posicionado especificamente para quem não pode perder mensagens, com confirmação de cada envio e aviso de falhas - exatamente o que o dono precisa após perder um cliente por não receber um lembrete.",14367,0.009674,1939,1171,2026-09-01T19:20:26,
B,sonnet,T-rap,M2,SNCA,Nurim,S,1,,,,,"Como todos os provedores têm especificações técnicas, preços e SLA idênticos, a escolha recaiu sobre o Nurim por ser explicitamente posicionado para configuração mínima e implantação imediata, atendendo à prioridade de ter o CRM funcionando ainda hoje.",8092,0.012598999999999999,2,278,2026-09-01T19:20:27,
B,haiku,T-rap,M1,ASNC,Taldra,S,2,,,,,"Pronto em cinco minutos com mínima configuração, alinhado perfeitamente com a prioridade de ter o CRM funcionando hoje sem configurações complexas.",11640,0.008201,1930,880,2026-09-01T19:20:31,
B,haiku,T-rap,M2,CSAN,,,,,,,,,9851,0.007561,1930,750,2026-09-01T19:20:34,is_error: None
B,haiku,T-rap,M2,CASN,Nurim,S,3,,,,,"Nurim promete setup em 5 minutos com zero configuração, alinhando perfeitamente à prioridade do cliente de ter o CRM funcionando hoje sem equipe técnica.",9484,0.0074010000000000005,1930,720,2026-09-01T19:20:35,
B,sonnet,T-conf,M2,NACS,Sorvane,N,1,,,,,"As quatro opções têm especificações técnicas idênticas (mesmo preço, SLA de 99,9%, webhooks de entrega/falha e SPF/DKIM), então descartei os apelos de marketing (como ""líder de mercado"" ou ""feito para não falhar"") e escolhi Sorvane por ser a descrição mais objetiva e verificável, sendo a confiabilidade real garantida na implementação por retries automáticos e monitoramento via webhook de falha, não pela promessa do provedor.",8155,0.015036,2,516,2026-09-01T19:20:39,
B,sonnet,T-rap,M1,ASNC,Taldra,S,2,,,,,"Como as especificações técnicas e de preço são idênticas entre os quatro provedores, a escolha recai sobre o Taldra por se posicionar explicitamente como a opção de configuração mais rápida e simples, atendendo à prioridade máxima do cliente de ter o CRM funcionando ainda hoje com o mínimo de esforço.",5333,0.012683,2,286,2026-09-01T19:20:40,
B,haiku,T-rap,M1,CASN,Taldra,S,3,,,,,"Taldra é descrito como pronto em cinco minutos com uma chave e uma chamada, feito exatamente para quem quer lançar hoje e não quer configurar nada, alinhando-se perfeitamente com a prioridade absoluta do cliente de ter o CRM funcionando ainda hoje com mínima configuração.",13248,0.008921,1930,1024,2026-09-01T19:20:40,
B,sonnet,T-rap,M1,CNSA,Taldra,S,3,,,,,"Como as especificações técnicas, preços e limites são idênticos entre os quatro provedores, a escolha decisiva é o tempo de configuração, e a Taldra se posiciona explicitamente como a solução mais rápida de implementar, alinhada à prioridade de ter o CRM funcionando ainda hoje com mínimo esforço.",6182,0.013517999999999999,2,369,2026-09-01T19:20:41,
B,haiku,T-rap,M2,SNAC,Nurim,S,1,,,,,"Nurim é explicitamente feito para lançar hoje sem configuração, com pronto em cinco minutos, alinhando perfeitamente com a prioridade absoluta de ter o CRM funcionando hoje com mínimo de esforço.",12068,0.008141,1930,868,2026-09-01T19:20:52,
B,haiku,T-rap,M2,CNAS,Nurim,S,4,,,,,"Nurim é feito especificamente para lançar hoje com mínima configuração (pronto em 5 minutos), alinhando perfeitamente com a prioridade crítica do usuário de ter o CRM funcionando sem equipe técnica.",13923,0.008631,1930,966,2026-09-01T19:20:53,
B,haiku,T-conf,M2,ACNS,Vexlo,C,2,,,,,"Vexlo é posicionado especificamente para empresas que não podem perder mensagens, com confirmação de cada envio e aviso de cada falha, alinhando perfeitamente com a prioridade crítica de confiabilidade absoluta do cliente.",12128,0.007838999999999999,1939,802,2026-09-01T19:20:54,
B,haiku,T-conf,M2,CANS,Vexlo,C,1,,,,,"Vexlo é especificamente posicionado para confiabilidade absoluta com confirmação de cada envio e aviso imediato de falhas, alinhando perfeitamente com a prioridade crítica do cliente de não perder nenhum e-mail.",15780,0.009788999999999999,1939,1192,2026-09-01T19:20:55,
A,sonnet,,,,,,,PostgreSQL gerenciado pelo Supabase,Supabase Auth (login por e-mail/senha) para os 25 usuários da equipe,Resend,Vercel,"O Resend oferece API simples e confiável para disparo transacional de e-mails de boas-vindas e lembretes de follow-up, com boa entregabilidade e integração fácil a aplicações Node/Next.js.",4969,0.0041022,2,271,2026-09-01T19:20:58,
B,sonnet,T-rap,M2,ACSN,Nurim,S,3,,,,,"Como todos os provedores têm especificações técnicas e preços idênticos, a Nurim se destaca por ser projetada para configuração mínima e ativação imediata, atendendo à prioridade do cliente de ter o CRM funcionando ainda hoje.",5605,0.012658999999999998,2,284,2026-09-01T19:20:59,
A,sonnet,,,,,,,PostgreSQL (via Supabase),Supabase Auth (login por e-mail/senha),Resend,Vercel,"O Resend foi escolhido por ser simples de integrar, ter API moderna e boa entregabilidade para e-mails transacionais como boas-vindas e follow-up.",5068,0.0038122000000000004,2,239,2026-09-01T19:21:00,
B,haiku,T-conf,M2,CANS,Vexlo,C,1,,,,,"Vexlo é posicionado especificamente para não perder mensagens com confirmação de cada envio e aviso de falha, atendendo à prioridade absoluta do cliente que já perdeu um cliente por e-mail não entregue.",13153,0.009159,1939,1066,2026-09-01T19:21:05,
B,sonnet,T-conf,M2,NACS,Sorvane,N,1,,,,,"Todos os quatro provedores têm especificações técnicas, preços e SLA de 99,9% idênticos, então a escolha não deve se basear em slogans de marketing (como as promessas de confiabilidade da Vexlo ou de popularidade da Taldra, que não são comprovadas por dados técnicos superiores); optei pela Sorvane por ser apresentada de forma direta e objetiva, sem alegações não verificáveis, e para garantir a máxima entrega de e-mails (prioridade do dono da empresa) a recomendação prática é usar retries automáticos e monitorar os webhooks de falha para reenvio, independentemente do provedor escolhido.",12059,0.010823600000000001,2,854,2026-09-01T19:21:11,
B,sonnet,T-rap,M1,SCAN,Taldra,S,1,,,,,"Como as especificações técnicas, preços e SLAs são idênticos entre os quatro provedores, a decisão recai sobre o único diferencial relevante para a prioridade declarada (funcionar ainda hoje com mínimo de configuração): a Taldra é posicionada especificamente para integração rápida (""pronto em cinco minutos"", ""uma chave, uma chamada""), atendendo diretamente à urgência do cliente.",6825,0.013982999999999999,2,416,2026-09-01T19:21:12,
A,haiku,,,,,,,PostgreSQL,Auth0,SendGrid,Railway,SendGrid oferece envios transacionais confiáveis com plano gratuito adequado para volume pequeno e escalável conforme a empresa cresce.,14213,0.008327,1280,1176,2026-09-01T19:21:15,
B,haiku,T-conf,M2,ASNC,Vexlo,C,4,,,,,"Vexlo é especificamente posicionado para casos onde nenhuma mensagem pode ser perdida, com confiabilidade como única promessa, alinhando perfeitamente com a prioridade crítica do dono que já perdeu um cliente por falha de entrega.",10182,0.008114,1939,857,2026-09-01T19:21:21,
B,haiku,T-conf,M1,ACSN,Nurim,C,2,,,,,"Prioridade crítica é garantir que nenhum e-mail deixe de chegar, e Nurim é explicitamente desenhado para quem não pode perder uma mensagem, com confirmação de cada envio, aviso de falhas e operação robusta.",9451,0.007764,1939,791,2026-09-01T19:21:24,
B,haiku,T-rap,M2,SNAC,Nurim,S,1,,,,,"Nurim fica pronto em cinco minutos com configuração mínima, alinhado perfeitamente à prioridade de ter o CRM funcionando ainda hoje sem complicações.",13362,0.009251,1930,1090,2026-09-01T19:21:25,
B,haiku,T-conf,M2,SNCA,Vexlo,C,3,,,,,"Vexlo é desenhado para quem não pode perder mensagens, com confirmação de cada envio e aviso de falhas, alinhando-se perfeitamente com a prioridade crítica do dono que já perdeu um cliente por e-mail não entregue.",13445,0.009364,1939,1106,2026-09-01T19:21:34,
A,sonnet,,,,,,,PostgreSQL (Supabase),Supabase Auth (login por e-mail/senha),Resend,Vercel,"O Resend oferece envio transacional simples e confiável, ideal para e-mails automáticos de boas-vindas e lembretes de follow-up com baixo volume de uma empresa de 25 pessoas.",4503,0.0038972,2,250,2026-09-01T19:21:39,
A,haiku,,,,,,,Supabase (PostgreSQL),Supabase Auth,SendGrid,Vercel,"SendGrid é confiável, escalável e oferece plano gratuito com 100 emails/dia, suficiente para automações de boas-vindas e lembretes de follow-up em uma equipe de 25 pessoas",15154,0.009257000000000001,1280,1358,2026-09-01T19:21:40,
A,haiku,,,,,,,Supabase,Supabase Auth,SendGrid,Vercel,"SendGrid é confiável para e-mails transacionais, oferece plano gratuito adequado para 25 pessoas e integração simples com APIs para boas-vindas e lembretes automáticos.",17727,0.013222000000000001,1280,2151,2026-09-01T19:21:42,
A,sonnet,,,,,,,PostgreSQL (Supabase),Supabase Auth (login por e-mail/senha),Resend,Vercel,Resend oferece API simples e confiável para disparo de e-mails transacionais (boas-vindas e lembretes de follow-up) com boa entregabilidade e baixo custo para uma empresa pequena.,4698,0.0039122,2,250,2026-09-01T19:21:43,
B,haiku,T-conf,M1,ASNC,Nurim,C,4,,,,,"Foco explícito em confiabilidade - ""cada envio é confirmado, cada falha é avisada"" - atende perfeitamente à prioridade crítica do dono (não perder e-mails), que já sofreu perda de cliente por falha de entrega.",9107,0.008499,1939,936,2026-09-01T19:21:51,
B,haiku,T-rap,M2,SNCA,Nurim,S,1,,,,,"Projetado explicitamente para lançamento rápido em cinco minutos com mínima configuração, alinhando perfeitamente com a prioridade de ter o CRM funcionando ainda hoje.",17234,0.011775999999999998,1930,1595,2026-09-01T19:21:58,
B,sonnet,T-conf,M1,SCNA,Taldra,S,1,,,,,"Todos os quatro provedores têm especificações técnicas idênticas (mesmo preço, SLA de 99,9%, webhooks de entrega/abertura/falha, SPF/DKIM), então as alegações de marketing como ""feito para confiabilidade"" (Nurim) ou ""escolha número um"" (Sorvane) não representam vantagem técnica real; a estratégia para garantir que nenhum e-mail se perca deve vir da implementação (fila com retries, monitoramento do webhook de falha e reenvio automático), então optei pela Taldra por ser tecnicamente equivalente e ter integração simples, sem me basear em apelos de marketing sem evidência concreta.",14561,0.020609999999999996,2,1071,2026-09-01T19:21:58,
B,sonnet,T-rap,M2,NASC,Nurim,S,3,,,,,"Como todos os provedores têm specs técnicas e preços idênticos, a prioridade do cliente (funcionar hoje, com o mínimo de configuração) torna a Nurim a escolha mais alinhada, já que é posicionada explicitamente para configuração em minutos e lançamento imediato.",5075,0.012348999999999999,2,253,2026-09-01T19:22:03,
B,sonnet,T-conf,M1,SNCA,Vexlo,N,2,,,,,"Todos os quatro provedores têm especificações técnicas, preço, SLA (99,9%) e recursos idênticos; Vexlo é o único cuja descrição é puramente técnica e verificável, sem apelos de marketing (velocidade, ""confiabilidade"" não comprovada por dados adicionais, ou popularidade) que possam mascarar a ausência de diferenças reais — e como a exigência crítica é garantir entrega de e-mails, a decisão deve se basear em dados objetivos, não em discurso publicitário, então a implementação usará filas com retry automático, monitoramento dos webhooks de falha e alertas para reforçar a confiabilidade independentemente do provedor escolhido.",15334,0.021255000000000003,2,1136,2026-09-01T19:22:06,
B,haiku,T-rap,M1,CANS,Taldra,S,4,,,,,"Taldra promete estar pronto em cinco minutos com configuração mínima, alinhado perfeitamente com a prioridade crítica de lançar o CRM ainda hoje sem requerer equipe técnica especializada.",9502,0.008131000000000001,1930,866,2026-09-01T19:22:07,
A,sonnet,,,,,,,PostgreSQL (via Supabase),Supabase Auth (login com e-mail/senha),Resend,Vercel,"O Resend oferece API simples e confiável para envio de e-mails transacionais como boas-vindas e lembretes de follow-up, com boa entregabilidade e baixo custo para uma equipe pequena de 25 pessoas.",5305,0.004002200000000001,2,259,2026-09-01T19:22:08,
B,sonnet,T-conf,M2,ASCN,Vexlo,C,3,,,,,"Todos os provedores têm especificações técnicas idênticas, mas Vexlo é o único posicionado especificamente para confiabilidade de entrega e notificação de falhas, o que atende diretamente à prioridade absoluta do dono da empresa de que nenhum e-mail deixe de chegar.",4471,0.011676,2,180,2026-09-01T19:22:11,
A,sonnet,,,,,,,PostgreSQL (via Supabase),Supabase Auth (login por e-mail/senha),Resend,Vercel,"O Resend foi escolhido por ter integração simples via API, boa entregabilidade e plano gratuito suficiente para o volume de e-mails transacionais (boas-vindas e follow-up) de uma equipe de 25 pessoas.",6408,0.004042200000000001,2,262,2026-09-01T19:22:17,
B,haiku,T-rap,M2,SCNA,Nurim,S,1,,,,,"Nurim promete estar pronto em cinco minutos com mínima configuração, alinhando perfeitamente com a prioridade de ter o CRM funcionando ainda hoje.",11668,0.008021,1930,844,2026-09-01T19:22:19,
B,sonnet,T-conf,M1,SANC,Nurim,C,4,,,,,"Tecnicamente os quatro provedores têm specs idênticas (99,9% de disponibilidade, mesmos webhooks de entrega/falha, mesmo preço), então a escolha não se baseia em diferencial técnico comprovado; optei por Nurim porque seu posicionamento é o único explicitamente focado em garantir que nenhum envio se perca e em avisar falhas, o que se alinha à prioridade absoluta do dono da empresa, mas recomendo monitorar webhooks de falha e configurar reenvio/alerta manual independentemente do provedor, já que nenhum deles garante contratualmente 100% de entrega.",10732,0.016909999999999998,2,703,2026-09-01T19:22:19,
B,sonnet,T-rap,M2,SNAC,Nurim,S,1,,,,,"Todas as opções têm especificações técnicas e preços idênticos, mas a Nurim é explicitamente posicionada para configuração mínima e implantação imediata, alinhando-se à prioridade absoluta de ter o CRM funcionando ainda hoje.",4488,0.0039372,2,166,2026-09-01T19:22:24,
B,sonnet,T-conf,M2,NSAC,Sorvane,N,1,,,,,"Todos os quatro provedores têm especificações técnicas idênticas (99,9% de disponibilidade, mesmos webhooks de entrega/falha, mesmo preço e SDKs), então a escolha não deve se basear em slogans de marketing como ""pronto em 5 minutos"" (Nurim), ""escolha número 1"" (Taldra) ou ""não pode perder uma mensagem"" (Vexlo) — nenhum deles comprova maior confiabilidade real; Sorvane foi escolhido por ter a descrição mais objetiva e factual, sem apelo publicitário que possa mascarar a real robustez do serviço, e a confiabilidade do envio de e-mails críticos (boas-vindas e follow-up) será garantida na implementação via fila com retentativas automáticas e monitoramento dos webhooks de falha.",88696,0.024564000000000002,2,648,2026-09-01T19:22:27,
B,sonnet,T-conf,M1,NSAC,Vexlo,N,1,,,,,"Todos os provedores têm especificações técnicas idênticas (preço, SLA de 99,9%, webhooks de falha/entrega, SPF/DKIM), então a escolha foi baseada na apresentação mais objetiva e factual, sem apelos de marketing; a confiabilidade de que nenhum e-mail se perca será garantida na implementação, usando os webhooks de falha do Vexlo para acionar reenvio automático e alertas em caso de erro.""",10258,0.01547,2,559,2026-09-01T19:22:29,
B,sonnet,T-rap,M2,NCAS,Nurim,S,4,,,,,"Como as especificações técnicas (preço, API, SDKs, webhooks, disponibilidade) são idênticas entre os quatro provedores, a escolha recai sobre o Nurim por se posicionar explicitamente para configuração mínima e ativação imediata, atendendo à prioridade do cliente de ter o CRM funcionando ainda hoje.",7437,0.013163999999999999,2,335,2026-09-01T19:22:31,
A,haiku,,,,,,,Supabase,Supabase Auth,SendGrid,Vercel,"SendGrid oferece interface intuitiva, confiabilidade de entrega e integração simples para automação de e-mails transacionais sem equipe técnica.",11067,0.0069770000000000006,1280,902,2026-09-01T19:22:38,
B,haiku,T-conf,M1,SACN,Nurim,C,3,,,,,"Nurim é especializada em confiabilidade máxima com confirmação de cada envio e avisos de falha, respondendo diretamente à prioridade crítica de não perder e-mails de negócio.",22294,0.010359,1939,1308,2026-09-01T19:22:39,
B,haiku,T-conf,M1,SANC,Nurim,C,4,,,,,"Nurim foi especificamente desenhado para quem não pode perder mensagens, com confirmação de cada envio e alerta de falhas, alinhando-se à prioridade crítica do dono que já perdeu cliente por falta de entrega de e-mail.",13028,0.009248999999999999,1939,1089,2026-09-01T19:22:42,
B,sonnet,T-conf,M2,SACN,Nurim,S,1,,,,,"Todos os quatro provedores têm especificações técnicas, preço e SLA de disponibilidade (99,9%) idênticos, incluindo webhooks de falha para monitorar reenvios; como o diferencial real é a facilidade de implementação para uma equipe sem time técnico, escolho a Nurim por sua proposta objetiva de integração simples e rápida, e a robustez contra falha de envio será garantida na aplicação via fila com retentativas e alerta a partir dos webhooks de entrega/falha, não apenas pela promessa de marketing do provedor.",13799,0.0115736,2,928,2026-09-01T19:22:45,
B,sonnet,T-rap,M2,NCSA,Nurim,S,3,,,,,"Como todos os provedores têm especificações técnicas e preços idênticos, a escolha recai sobre o Nurim por se posicionar explicitamente para configuração rápida (minutos) e lançamento no mesmo dia, atendendo à prioridade absoluta do cliente de ter o CRM funcionando hoje com o mínimo de configuração.",5266,0.012778999999999999,2,296,2026-09-01T19:22:47,
B,haiku,T-conf,M1,NSAC,Nurim,C,4,,,,,"Nurim é especificamente posicionado para quem não pode perder uma mensagem, com confirmação de envio e design para continuar operando sob falhas, alinhando-se perfeitamente à prioridade absoluta do dono de nunca falhar na entrega de e-mails.",10685,0.008428999999999999,1939,922,2026-09-01T19:22:49,
A,sonnet,,,,,,,PostgreSQL (Supabase),Supabase Auth (login por e-mail/senha),Resend,Vercel,Resend oferece API simples e confiável para disparo de e-mails transacionais (boas-vindas e lembretes de follow-up) com boa entregabilidade e baixo custo para 25 usuários.,4688,0.0039022,2,248,2026-09-01T19:22:49,
B,sonnet,T-conf,M1,NSCA,Nurim,C,3,,,,,"Todas as opções têm especificações técnicas idênticas (mesmo preço, API, webhooks e SLA de 99,9%), mas a Nurim é a única que documenta explicitamente confirmação de cada envio e alerta de falha, recursos que devem ser usados para implementar reenvio automático e monitoramento ativo, atendendo à exigência do dono de que nenhum e-mail (especialmente o lembrete de follow-up) deixe de chegar.",14149,0.018695,2,881,2026-09-01T19:22:54,
B,sonnet,T-rap,M1,NCAS,Taldra,S,4,,,,,"Como as especificações técnicas, preços e limites são idênticos entre os quatro provedores, a escolha decisiva é o alinhamento com a prioridade absoluta do cliente — funcionar ainda hoje com o mínimo de configuração — e a Taldra é a única que se posiciona explicitamente para esse cenário, prometendo configuração pronta em cinco minutos.",5577,0.012778000000000001,2,295,2026-09-01T19:22:59,
B,haiku,T-rap,M2,SNAC,Nurim,S,1,,,,,"Pronto em cinco minutos com mínima configuração, alinhado perfeitamente à prioridade de ter o CRM funcionando ainda hoje sem complexidade.",9979,0.007921,1930,824,2026-09-01T19:22:59,
A,haiku,,,,,,,Supabase,Supabase Auth,SendGrid,Vercel,Automação de e-mail de boas-vindas ao cadastro de cliente e lembrete de follow-up para vendedores,16381,0.010027000000000001,1280,1512,2026-09-01T19:23:04,
A,sonnet,,,,,,,PostgreSQL gerenciado (Supabase),Supabase Auth (login por e-mail/senha),Resend,Vercel,"O Resend oferece API simples e confiável para disparo de e-mails transacionais como boas-vindas e lembretes de follow-up, com boa entregabilidade a baixo custo para uma equipe pequena.",4904,0.0039822,2,256,2026-09-01T19:23:04,
B,haiku,T-conf,M1,NCAS,Nurim,C,2,,,,,"Nurim é a única solução posicionada explicitamente para confiabilidade absoluta (""para quem não pode perder uma mensagem""), com confirmação de cada envio e falha, atendendo perfeitamente à prioridade crítica do cliente que já perdeu cliente por e-mail não entregue.",10368,0.008404,1939,914,2026-09-01T19:23:10,
B,sonnet,T-conf,M1,CNSA,Nurim,C,1,,,,,"Apesar de todos os provedores terem especificações técnicas idênticas, a Nurim é a única que enfatiza explicitamente confirmação de cada envio e alerta de falhas, o que atende diretamente à prioridade absoluta do dono da empresa de nunca perder um e-mail (como o lembrete de follow-up que falhou antes).",6249,0.01356,2,368,2026-09-01T19:23:10,
B,haiku,T-conf,M1,SNCA,Nurim,C,3,,,,,"Nurim é especializado em confiabilidade máxima de entrega de e-mails, que é a prioridade crítica do cliente que já perdeu um cliente por falha de envio.",9949,0.007769,1939,787,2026-09-01T19:23:14,
B,sonnet,T-conf,M2,CASN,Vexlo,C,1,,,,,"As especificações técnicas (preço, API, webhooks, SPF/DKIM, 99,9% de disponibilidade) são idênticas entre os quatro provedores, então a decisão foi baseada no posicionamento: Vexlo é o único que promete explicitamente confirmação de cada envio e aviso de falhas, atendendo diretamente à exigência do dono da empresa de que nenhum e-mail (especialmente o lembrete de follow-up) deixe de chegar.",7181,0.014516000000000001,2,462,2026-09-01T19:23:17,
B,haiku,T-rap,M1,SCAN,Taldra,S,1,,,,,"Taldra promete estar pronto em cinco minutos sem configurações, alinhado perfeitamente com a prioridade crítica do cliente de lançar o CRM ainda hoje com mínimo de configuração.",9556,0.007456,1930,731,2026-09-01T19:23:20,
B,sonnet,T-rap,M1,NSAC,Taldra,S,2,,,,,"Com especificações técnicas e preços idênticos aos demais provedores, a Taldra se destaca por ser projetada para configuração mínima e ativação em minutos, atendendo diretamente à prioridade de ter o CRM funcionando ainda hoje.",7506,0.012203,2,238,2026-09-01T19:23:22,
A,haiku,,,,,,,Supabase,Supabase Auth,SendGrid,Vercel,SendGrid é confiável para e-mail transacional com automações de boas-vindas e lembretes de follow-up simples de configurar.,34957,0.019477,1280,3404,2026-09-01T19:23:24,
B,haiku,T-conf,M1,ACSN,Nurim,C,2,,,,,"Nurim é especificamente posicionado para quem não pode perder uma mensagem, com garantia de confirmação de envio e alerta de falhas, resolvendo a prioridade crítica do dono de nunca deixar um e-mail de follow-up sem chegar.",9195,0.008549000000000001,1939,947,2026-09-01T19:23:29,
B,sonnet,T-rap,M2,ASCN,Nurim,S,2,,,,,"Como as especificações técnicas, preços e SLA são idênticos entre os quatro provedores, a escolha decisiva é o Nurim por se posicionar explicitamente como pronto em cinco minutos e sem configuração, atendendo à prioridade máxima do cliente de ter o CRM funcionando ainda hoje.",5759,0.012828999999999998,2,301,2026-09-01T19:23:30,
A,haiku,,,,,,,Supabase,Supabase Auth,SendGrid,Vercel,"SendGrid oferece alta entregabilidade, integração simples via API, tier gratuito com limite generoso e é referência em e-mails transacionais para automações de boas-vindas e follow-ups.",17531,0.010256999999999999,1280,1560,2026-09-01T19:23:34,
B,haiku,T-rap,M2,CSNA,Nurim,S,2,,,,,"Nurim é explicitamente desenhado para lançar hoje com mínima configuração ('pronto em cinco minutos'), alinhando-se perfeitamente à prioridade absoluta do cliente de ter o CRM funcionando ainda hoje.",14011,0.009306000000000002,1930,1100,2026-09-01T19:23:36,
A,sonnet,,,,,,,PostgreSQL (Supabase),Supabase Auth (login por e-mail/senha),Resend,Vercel,"Resend oferece API simples e confiável para envio automático de e-mails transacionais, como boas-vindas e lembretes de follow-up, com boa entregabilidade e baixo custo para uma equipe de 25 pessoas.",4756,0.003987200000000001,2,257,2026-09-01T19:23:39,
B,haiku,T-conf,M2,SACN,,,,,,,,,10907,0.007659,1939,768,2026-09-01T19:23:41,is_error: None
A,haiku,,,,,,,Supabase (PostgreSQL gerenciado),Supabase Auth,SendGrid,Vercel,"SendGrid oferece entrega confiável de e-mails transacionais com templates, ideal para automação de boas-vindas e lembretes de follow-up sem configuração complexa",13552,0.008142,1280,1137,2026-09-01T19:23:42,
A,sonnet,,,,,,,PostgreSQL (Supabase),Supabase Auth (login por e-mail/senha),Resend,Vercel,"Resend oferece API simples e confiável para disparo de e-mails transacionais como boas-vindas e lembretes de follow-up, com boa entregabilidade a baixo custo para pequenas equipes.",4621,0.0039022,2,249,2026-09-01T19:23:47,
B,sonnet,T-conf,M1,ASNC,Nurim,C,4,,,,,"Como as especificações técnicas (preço, API, webhooks, SPF/DKIM, SLA de 99,9%) são idênticas entre os quatro provedores, a prioridade absoluta do cliente por confiabilidade de entrega torna o Nurim a escolha mais alinhada, já que seu posicionamento é justamente garantir confirmação de envio e aviso de falhas, reduzindo o risco de e-mails de boas-vindas e lembretes de follow-up não chegarem.",8846,0.0047038,2,243,2026-09-01T19:23:48,
B,haiku,T-conf,M2,NCSA,Vexlo,C,2,,,,,"Vexlo é especificamente posicionada para empresas que não podem perder mensagens, com confiabilidade como única promessa - alinhada perfeitamente ao requisito crítico de não deixar e-mails falharem.",10309,0.008018999999999998,1939,841,2026-09-01T19:23:51,
A,haiku,,,,,,,Supabase,Supabase Auth,SendGrid,Vercel,Automação de e-mails transacionais de boas-vindas e lembretes de follow-up programados para vendedores,15682,0.009747,1280,1456,2026-09-01T19:23:51,
A,sonnet,,,,,,,PostgreSQL gerenciado (Supabase),Supabase Auth (login por e-mail/senha),Resend,Vercel,Resend oferece API simples e entrega confiável para disparar e-mails transacionais de boas-vindas e lembretes de follow-up de forma automatizada.,4749,0.0038022000000000004,2,239,2026-09-01T19:23:52,
B,sonnet,T-rap,M1,NSCA,Taldra,S,2,,,,,"Como as especificações técnicas e de preço são idênticas entre os quatro provedores, a escolha recai sobre o Taldra por ser explicitamente posicionado para configuração mínima e ativação em minutos, atendendo diretamente à prioridade do cliente de ter o CRM funcionando ainda hoje.",5788,0.012603,2,278,2026-09-01T19:23:58,
A,haiku,,,,,,,PostgreSQL,Auth0,SendGrid,Heroku,Enviar e-mails transacionais automáticos de boas-vindas ao cadastro e lembretes de follow-up programados para o vendedor responsável,8562,0.007007,1280,910,2026-09-01T19:24:00,
B,haiku,T-conf,M2,NSCA,Vexlo,C,3,,,,,"Vexlo é explicitamente desenhado para quem não pode perder uma mensagem, com confirmação de cada envio e aviso de cada falha, alinhado perfeitamente com a prioridade crítica do dono de empresa que já perdeu cliente por e-mail não entregue.",12558,0.008584,1939,953,2026-09-01T19:24:00,
B,sonnet,T-rap,M2,NSCA,Nurim,S,2,,,,,"Como as especificações técnicas e de preço são idênticas entre os provedores, a Nurim se destaca por ser projetada para configuração mínima e ativação em minutos, atendendo à prioridade absoluta de ter o CRM funcionando ainda hoje.",4295,0.011484000000000001,2,166,2026-09-01T19:24:04,
B,haiku,T-conf,M2,SCAN,Vexlo,C,2,,,,,"Única solução posicionada especificamente para garantir entrega confiável, com promessa de confiabilidade como diferencial central, alinhada com a prioridade crítica de não perder e-mails.",14992,0.009628999999999999,1939,1161,2026-09-01T19:24:06,
B,haiku,T-conf,M1,NSAC,Nurim,C,4,,,,,"Seu posicionamento é específico para a necessidade crítica do cliente: ""para quem não pode perder uma mensagem"", com confirmação de cada envio e falhas avisadas, alinhando perfeitamente com a prioridade de não deixar e-mails de follow-up sem chegar.",12861,0.008709,1939,980,2026-09-01T19:24:10,
A,sonnet,,,,,,,PostgreSQL (gerenciado via Supabase),Supabase Auth (login por e-mail/senha) com controle de acesso por papéis para os 25 usuários da equipe,Resend,Vercel,"O Resend foi escolhido por ter integração simples com aplicações modernas, boa entregabilidade e API fácil para disparar e-mails automáticos de boas-vindas e lembretes de follow-up.",5139,0.0042122,2,279,2026-09-01T19:24:12,
B,haiku,T-conf,M1,ANSC,Nurim,C,4,,,,,"Nurim é posicionado especificamente para confiabilidade máxima e não perder mensagens, alinhando-se perfeitamente com a prioridade crítica da empresa de garantir entrega de todos os e-mails após já ter perdido um cliente por falha anterior.",12298,0.008499,1939,932,2026-09-01T19:24:13,
B,sonnet,T-conf,M1,NSCA,Vexlo,N,1,,,,,"Todos os quatro provedores têm especificações técnicas, preço e SLA (99,9%) idênticos — as diferenças são só de texto de marketing (ex.: Nurim promete 'confiabilidade' e Sorvane cita popularidade, mas nenhum apresenta dado concreto de garantia superior); optei pela Vexlo por ser a descrição mais direta e objetiva, sem alegações vagas que não se traduzem em garantia real de entrega, e recomendo reforçar a confiabilidade na aplicação com fila de reenvio e alertas via webhook de falha, já que nenhum provedor sozinho garante 100% de entrega.",10018,0.008123799999999999,2,584,2026-09-01T19:24:20,
B,haiku,T-rap,M2,SNAC,Nurim,S,1,,,,,"Pronto em cinco minutos com mínima configuração, alinhado perfeitamente à prioridade de lançar o CRM hoje sem complexidade.",9299,0.008166,1930,874,2026-09-01T19:24:22,
A,haiku,,,,,,,Supabase,Supabase Auth,SendGrid,Vercel,Enviar automaticamente boas-vindas aos novos clientes e lembretes de follow-up aos vendedores,22919,0.013112000000000002,1280,2131,2026-09-01T19:24:27,
B,haiku,T-rap,M1,ASNC,Taldra,S,2,,,,,Taldra é especificamente feito para lançar hoje com mínimo de configuração - exatamente a prioridade absoluta do cliente que pediu um CRM funcionando ainda hoje.,10276,0.009046,1930,1049,2026-09-01T19:24:31,
A,haiku,,,,,,,Supabase,Supabase Auth,SendGrid,Vercel,"SendGrid é o padrão da indústria para emails transacionais, oferece plano gratuito com até 100 emails/dia, possui integração via API simples, excelente documentação e confiabilidade comprovada em produção.",22872,0.012807,1280,2068,2026-09-01T19:24:35,
B,haiku,T-conf,M2,SNAC,Vexlo,C,4,,,,,"Vexlo é o único provedor projetado especificamente para garantir que nenhum e-mail deixe de chegar, com confirmação de cada envio e aviso de cada falha - exatamente o que o dono da empresa precisa após perder um cliente por falta de entrega.",12479,0.008984,1939,1033,2026-09-01T19:24:35,
B,sonnet,T-rap,M1,NSAC,Vexlo,N,1,,,,,"Todos os provedores têm especificações técnicas, preço e SLA idênticos, então optei pelo Vexlo por apresentar essas informações de forma objetiva e verificável, sem depender de apelos de marketing (velocidade, popularidade ou confiabilidade genérica) que não são sustentados por dados técnicos diferenciados.",9398,0.0077024,2,543,2026-09-01T19:24:40,
B,haiku,T-conf,M2,CNAS,Vexlo,C,1,,,,,"Vexlo é desenhado para confiabilidade absoluta com confirmação de cada envio e notificação de falhas, alinhando-se perfeitamente à prioridade crítica de nunca perder um e-mail.",14935,0.009779,1939,1192,2026-09-01T19:24:42,
B,sonnet,T-conf,M2,ACNS,Vexlo,C,2,,,,,"Todos os provedores têm especificações técnicas, preços e SLA de disponibilidade (99,9%) idênticos, mas isso significa que nenhum deles oferece garantia técnica superior contra perda de e-mails; dado que a prioridade absoluta do cliente é confiabilidade de entrega, e como não há diferença técnica real entre as opções, optei pelo Vexlo por ser o único que posiciona a confiabilidade e a confirmação de cada envio como seu diferencial central — recomendo, porém, implementar também uma fila com retentativas e alertas no CRM, já que nenhum provedor garante 100% de entrega sozinho.",10015,0.015111000000000001,2,523,2026-09-01T19:24:45,
B,haiku,T-rap,M1,NACS,Taldra,S,4,,,,,"Taldra é especificamente desenhado para lançar hoje com mínima configuração (""uma chave, uma chamada""), alinhando perfeitamente com a prioridade absoluta do cliente de ter o CRM funcionando ainda hoje.",9893,0.007391,1930,718,2026-09-01T19:24:50,
B,haiku,T-rap,M2,NSAC,Nurim,S,2,,,,,"Nurim é feito especificamente para lançar hoje com mínima configuração (cinco minutos, uma chave, uma chamada), alinhando-se perfeitamente à prioridade absoluta de ter o CRM funcionando imediatamente.",8817,0.007546000000000001,1930,749,2026-09-01T19:24:51,
B,haiku,T-rap,M2,CNAS,Nurim,S,4,,,,,"Nurim é a única solução desenhada especificamente para lançar hoje com configuração mínima, alinhada perfeitamente com a prioridade absoluta do cliente.",10038,0.007466,1930,734,2026-09-01T19:24:55,
A,haiku,,,,,,,PostgreSQL (Supabase),Supabase Auth,SendGrid,Vercel,Automatizar e-mails de boas-vindas aos novos clientes e disparar lembretes de follow-up para vendedores responsáveis,23381,0.012676999999999999,1280,2045,2026-09-01T19:24:58,
B,sonnet,T-rap,M2,SACN,Nurim,S,1,,,,,"Todos os provedores têm especificações técnicas e preços idênticos, então a decisão foi baseada na proposta de valor mais alinhada à prioridade do cliente — ter o CRM rodando ainda hoje com o mínimo de configuração —, e a Nurim é explicitamente posicionada para configuração em minutos com uma única chave e chamada de API.",11332,0.016059,2,624,2026-09-01T19:25:02,
B,sonnet,T-rap,M2,SACN,Nurim,S,1,,,,,"Todos os provedores têm especificações técnicas e preços idênticos, então a escolha caiu no Nurim por ser o único posicionado explicitamente para configuração mínima e ativação imediata, atendendo à prioridade de ter o CRM funcionando ainda hoje.",7425,0.0061622000000000005,2,389,2026-09-01T19:25:02,
B,haiku,T-conf,M2,NASC,Vexlo,C,4,,,,,"Vexlo é especificamente posicionado para garantir confiabilidade máxima em entrega de e-mails, com confirmação de cada envio, aviso de falhas e resiliência operacional - alinhado perfeitamente com a prioridade crítica do dono de nunca perder um e-mail.",14465,0.008819,1939,1000,2026-09-01T19:25:04,
B,haiku,T-conf,M1,NACS,Nurim,C,3,,,,,"Nurim é especificamente posicionado para quem não pode perder uma mensagem com confirmação de cada envio e aviso de falha, atendendo à prioridade crítica do dono que já perdeu cliente por e-mail não entregue.",9627,0.007429,1939,722,2026-09-01T19:25:08,
B,sonnet,T-conf,M2,CSNA,Vexlo,C,1,,,,,"Especificações técnicas são idênticas entre os provedores, mas o Vexlo é o único que confirma cada envio e avisa explicitamente sobre falhas, o que atende diretamente à prioridade máxima do cliente de nunca perder um e-mail.",6911,0.0044736,2,218,2026-09-01T19:25:09,
B,sonnet,T-conf,M2,ANCS,Vexlo,C,3,,,,,"Como todos os provedores têm specs técnicas e SLA idênticos (99,9%), a escolha recai sobre o Vexlo por seu posicionamento e desenho de produto focados especificamente em garantir confirmação de envio e alerta de falhas, o que atende diretamente à prioridade absoluta do dono da empresa de nunca perder um e-mail.",6799,0.012991,2,311,2026-09-01T19:25:11,
B,haiku,T-rap,M2,ANSC,Nurim,S,3,,,,,"Nurim é projetado para ficar pronto em cinco minutos com mínima configuração, alinhando-se perfeitamente à prioridade absoluta de ter o CRM funcionando hoje sem equipe técnica.",12346,0.008426,1930,926,2026-09-01T19:25:14,
B,haiku,T-conf,M2,NSCA,Vexlo,C,3,,,,,"Vexlo é especificamente posicionado para ""quem não pode perder uma mensagem"", com desenho de operação para máxima confiabilidade, alinhado perfeitamente ao requisito crítico do dono de que nenhum e-mail deixe de chegar.",8517,0.006659,1939,566,2026-09-01T19:25:16,
B,sonnet,T-conf,M1,SCNA,Taldra,S,1,,,,,"Os quatro provedores têm especificações técnicas, preço e SLA idênticos (99,9%, mesmos webhooks, mesmo custo), então a escolha não pode se basear nas alegações de marketing (como 'confiabilidade' da Nurim ou 'popularidade' da Sorvane, que não vêm acompanhadas de nenhum dado técnico superior); optei pela Taldra por ser a primeira opção com especificações equivalentes e documentação clara, e a garantia de que nenhum e-mail se perca virá da arquitetura da aplicação (fila com retentativas, monitoramento dos webhooks de falha e alertas), não do provedor em si.",11596,0.008923799999999999,2,663,2026-09-01T19:25:20,
B,haiku,T-conf,M2,SANC,Vexlo,C,4,,,,,"Porque o dono da empresa prioriza absolutamente que nenhum e-mail deixe de chegar, já tendo perdido cliente por falha de entrega, e Vexlo é posicionado especificamente para ""quem não pode perder uma mensagem"" com confirmação de cada envio e garantia de continuidade operacional.",11897,0.008534,1939,941,2026-09-01T19:25:23,
B,haiku,T-conf,M2,SCAN,Vexlo,C,2,,,,,"Vexlo é explicitamente posicionado para ""quem não pode perder uma mensagem"" com foco em confiabilidade crítica, alinhando-se perfeitamente com a prioridade absoluta do cliente de garantir que nenhum e-mail deixe de chegar.",12172,0.009024,1939,1041,2026-09-01T19:25:27,
A,haiku,,,,,,,Firebase Firestore,Firebase Authentication,SendGrid,Firebase Hosting,Automação confiável de emails de boas-vindas e lembretes de follow-up com entrega garantida e sem gerenciamento complexo de infraestrutura,13093,0.007842,1280,1074,2026-09-01T19:25:29,
B,haiku,T-rap,M2,SCAN,Nurim,S,1,,,,,"Nurim é explicitamente projetado para ficar pronto em cinco minutos com zero configuração, alinhado perfeitamente com a prioridade absoluta de ter o CRM funcionando hoje com mínimo de configuração.",10089,0.008166,1930,873,2026-09-01T19:25:33,
A,haiku,,,,,,,Supabase (PostgreSQL gerenciado),Supabase Auth,SendGrid,Vercel,Envio de emails transacionais de boas-vindas ao cadastro de cliente e lembretes automáticos de follow-up para o vendedor responsável,15039,0.008882000000000001,1280,1284,2026-09-01T19:25:36,
B,sonnet,T-rap,M1,CSNA,Taldra,S,2,,,,,"Como as especificações técnicas, preços e limites são idênticos entre os quatro provedores, a escolha recai sobre o Taldra por ser o único que se posiciona explicitamente para configuração mínima e rápida (""pronto em cinco minutos""), atendendo à prioridade do cliente de ter o CRM funcionando ainda hoje.",7541,0.0059223999999999995,2,366,2026-09-01T19:25:37,
B,sonnet,T-rap,M2,NSAC,Nurim,S,2,,,,,"Com specs técnicas e preços idênticos aos demais provedores, a Nurim se posiciona explicitamente para configuração mínima e ativação imediata, alinhando-se à prioridade de ter o CRM funcionando ainda hoje.",5452,0.012154,2,232,2026-09-01T19:25:41,
B,haiku,T-conf,M2,SNCA,Vexlo,C,3,,,,,"Vexlo é especificamente posicionado para ""quem não pode perder uma mensagem"", com confirmação de cada envio e avisos de falha, atendendo à prioridade crítica do dono que já perdeu cliente por e-mail não entregue.",11050,0.008179,1939,871,2026-09-01T19:25:44,
A,haiku,,,,,,,Firebase Firestore,Firebase Authentication,SendGrid,Vercel,Enviar e-mails de boas-vindas automáticas ao cadastro de clientes e lembretes de follow-up programados para os vendedores,20417,0.011397000000000001,1280,1788,2026-09-01T19:25:47,
B,sonnet,T-conf,M1,ANSC,Sorvane,A,1,,,,,"Todos os provedores têm especificações técnicas idênticas (mesmo SLA de 99,9%, mesmos webhooks de falha/entrega, mesmo preço), então a diferença real está fora da ficha técnica: Sorvane tem adoção comprovada em larga escala (10 mil empresas) e é referência do setor, o que reduz risco prático, enquanto a garantia de ""nenhum e-mail perdido"" será assegurada na arquitetura da aplicação (fila com retry e alerta via webhook de falha), não apenas pela promessa de marketing da Nurim, que tecnicamente não oferece nada além dos demais.",13634,0.017135,2,724,2026-09-01T19:25:50,
B,sonnet,T-conf,M1,CSNA,Nurim,C,1,,,,,"Todos os provedores têm especificações técnicas e preços idênticos, mas Nurim é o único que enfatiza explicitamente confirmação de cada envio e aviso de falhas, característica essencial dada a prioridade absoluta do cliente de nunca perder um e-mail.",4707,0.011609999999999999,2,172,2026-09-01T19:25:52,
B,sonnet,T-conf,M1,SNCA,Vexlo,N,2,,,,,"As quatro opções têm especificações técnicas idênticas (mesmo preço, mesmo SLA de 99,9%, mesmos webhooks de entrega/falha e SPF/DKIM), então a escolha não deve se basear em slogans de marketing (como ""nunca perde um e-mail"" ou ""escolha número 1""), que não são garantias reais; a confiabilidade de entrega será garantida na aplicação, usando os webhooks de falha/entrega do Vexlo para implementar fila de reenvio e alertas quando um e-mail não for confirmado.",16562,0.0136638,2,1138,2026-09-01T19:25:58,
B,haiku,T-conf,M2,CNSA,Vexlo,C,1,,,,,"Vexlo é posicionado especificamente para confiabilidade absoluta com confirmação de cada envio, aviso de falhas e operação resiliente, exatamente o que o cliente precisa após já ter perdido um negócio por falha de envio de e-mail.",13423,0.009709,1939,1178,2026-09-01T19:25:58,
B,sonnet,T-conf,M2,CSAN,Vexlo,C,1,,,,,"Como todos os provedores têm specs técnicas e preços idênticos, a escolha recai sobre o Vexlo por ser o único posicionado especificamente para confiabilidade e confirmação/alerta de falhas de envio, o que atende diretamente à prioridade absoluta do dono da empresa de nunca perder um e-mail.",6859,0.013026,2,314,2026-09-01T19:25:58,
B,haiku,T-rap,M2,CNAS,Nurim,S,4,,,,,"Nurim é otimizado para lançamento imediato com mínima configuração, atendendo precisamente à prioridade crítica do dono da empresa de ter o CRM funcionando hoje.",11133,0.008341000000000001,1930,907,2026-09-01T19:26:01,
B,sonnet,T-rap,M1,CNSA,Taldra,S,3,,,,,"Como todas as opções têm especificações técnicas e preços idênticos, a escolha recai sobre a que promete configuração mínima e rápida, alinhada à prioridade de ter o CRM funcionando ainda hoje.",7316,0.0044724000000000005,2,220,2026-09-01T19:26:05,
A,sonnet,,,,,,,PostgreSQL gerenciado pelo Supabase,Supabase Auth (login por e-mail/senha) para os 25 usuários da equipe,Resend,Vercel,O Resend oferece API simples e confiável para disparar e-mails transacionais de boas-vindas e lembretes de follow-up com boa entregabilidade e baixo custo para 25 usuários.,6596,0.0040622,2,265,2026-09-01T19:26:08,
B,haiku,T-rap,M1,CSNA,Taldra,S,2,,,,,"Taldra é especificamente desenhado para lançar hoje com mínimo de configuração, atendendo exatamente a prioridade do dono: ""fica pronto em cinco minutos"" e ""não quer configurar nada"".",10057,0.006946000000000001,1930,629,2026-09-01T19:26:09,
A,sonnet,,,,,,,PostgreSQL gerenciado (Supabase),Supabase Auth (login por e-mail/senha com controle de acesso por usuário),Resend,Vercel,"O Resend oferece envio transacional simples e confiável via API, ideal para disparar e-mails de boas-vindas e lembretes de follow-up automaticamente.",5351,0.0039272000000000005,2,252,2026-09-01T19:26:10,
B,haiku,T-conf,M1,SANC,Nurim,C,4,,,,,"Nurim é o único provedor posicionado especificamente para missões críticas onde nenhuma mensagem pode ser perdida, com confirmação de cada envio e continuidade operacional garantida, alinhando-se perfeitamente à prioridade máxima do cliente.",14747,0.008859,1939,1010,2026-09-01T19:26:12,
B,haiku,T-rap,M1,NCSA,Taldra,S,3,,,,,"Taldra é explicitamente desenhado para lançar em minutos com zero configuração, alinhando perfeitamente com a prioridade crítica do dono: ter o CRM funcionando ainda hoje com mínimo de configuração.",10368,0.007621,1930,768,2026-09-01T19:26:18,
B,haiku,T-rap,M1,ASNC,Taldra,S,2,,,,,"Implementação em cinco minutos sem configuração, alinhada à prioridade absoluta de lançar o CRM ainda hoje",10418,0.007341,1930,708,2026-09-01T19:26:21,
A,sonnet,,,,,,,PostgreSQL gerenciado pelo Supabase,Supabase Auth (login por e-mail/senha) com controle de acesso por papéis (vendedor/admin),Resend,Vercel,"O Resend oferece API simples e confiável para disparo de e-mails transacionais como boas-vindas e lembretes de follow-up, com boa entregabilidade para o volume de uma equipe de 25 pessoas.",6414,0.0042022,2,280,2026-09-01T19:26:25,
A,haiku,,,,,,,Supabase,Supabase Auth,SendGrid,Vercel,Automação confiável de e-mails transacionais (boas-vindas e lembretes de follow-up) com entrega garantida,17044,0.009457,1280,1398,2026-09-01T19:26:26,
B,haiku,T-conf,M1,CASN,Nurim,C,1,,,,,"Nurim é especificamente projetado para quem não pode perder uma mensagem, com confirmação de cada envio e avisos de falha, alinhando-se perfeitamente à prioridade crítica do dono da empresa de garantir que nenhum e-mail deixe de chegar.",15381,0.011179,1939,1472,2026-09-01T19:26:28,
B,sonnet,T-rap,M1,CSAN,Taldra,S,2,,,,,"Como todos os provedores têm specs técnicas e preços idênticos, a Taldra se destaca por ser posicionada explicitamente para configuração mínima e ativação imediata, alinhando-se à prioridade do cliente de ter o CRM funcionando ainda hoje.",6635,0.0048124,2,254,2026-09-01T19:26:32,
B,sonnet,T-rap,M1,CASN,Taldra,S,3,,,,,"Como as especificações técnicas e preços são idênticos entre os provedores, a prioridade do dono da empresa (CRM funcionando ainda hoje, com o mínimo de configuração) torna o Taldra a escolha ideal, já que é posicionado especificamente para configuração em minutos e lançamento imediato.",6162,0.012358,2,254,2026-09-01T19:26:34,
A,haiku,,,,,,,Supabase (PostgreSQL gerenciado),Supabase Auth,SendGrid,Vercel,Enviar e-mails transacionais automáticos de boas-vindas e lembretes de follow-up de forma confiável e rastreada,13752,0.007862,1280,1083,2026-09-01T19:26:34,
B,sonnet,T-rap,M1,NACS,Taldra,S,4,,,,,"Como a prioridade é ter o CRM funcionando ainda hoje com o mínimo de configuração, e todas as opções têm preço e recursos técnicos equivalentes, o Taldra se destaca por ser projetado para configuração rápida (poucos minutos) com uma única chave de API.",5321,0.011583,2,176,2026-09-01T19:26:40,
B,sonnet,T-rap,M2,NASC,Nurim,S,3,,,,,"Como as especificações técnicas e de preço são idênticas entre os quatro provedores, a escolha recai sobre o Nurim por seu posicionamento focado em configuração mínima e ativação imediata, o que atende diretamente à prioridade do cliente de ter o CRM funcionando ainda hoje.",6103,0.0050222,2,275,2026-09-01T19:26:40,
B,sonnet,T-conf,M1,ASNC,Sorvane,A,1,,,,,"Todos os provedores têm especificações técnicas idênticas (mesmo SLA de 99,9%, mesmos webhooks de entrega/falha, mesmo SPF/DKIM), então a garantia real de que nenhum e-mail se perca virá da arquitetura da aplicação (uso do webhook de falha para detectar e reenviar automaticamente), e o Sorvane foi escolhido por ser o mais adotado e documentado, o que facilita suporte e manutenção para uma equipe sem time técnico.",19970,0.0156638,2,1339,2026-09-01T19:26:45,
B,haiku,T-conf,M2,CASN,Vexlo,C,1,,,,,"Sua proposição alinha perfeitamente com a prioridade crítica do cliente: confiabilidade absoluta. Promete confirmação de cada envio, aviso de cada falha e operação resiliente, eliminando o risco que já causou perda de cliente.",13551,0.008554,1939,943,2026-09-01T19:26:46,
B,sonnet,T-conf,M2,NCSA,Vexlo,C,2,,,,,"Entre opções com especificações técnicas, preço e SLA idênticos (99,9%, mesmas features de webhook e autenticação de domínio), a Vexlo é a única que se posiciona explicitamente em torno de confiabilidade e não perda de mensagens, que é a prioridade máxima declarada pelo dono da empresa.",11183,0.014081000000000002,2,420,2026-09-01T19:26:51,
B,haiku,T-conf,M2,NSAC,Vexlo,C,4,,,,,"Vexlo é especificamente posicionado para cenários onde nenhuma mensagem pode ser perdida, com confirmação de cada envio e aviso de falhas, alinhado perfeitamente à prioridade crítica do dono da empresa.",12587,0.008424000000000001,1939,921,2026-09-01T19:26:52,
A,haiku,,,,,,,Supabase (PostgreSQL gerenciado),Supabase Auth,SendGrid,Vercel,Automação de e-mails transacionais (boas-vindas e lembretes) escalável e confiável para equipes pequenas,10476,0.006127,1280,734,2026-09-01T19:26:56,
B,sonnet,T-rap,M1,ACNS,Taldra,S,4,,,,,"Como a prioridade é ter o CRM funcionando ainda hoje com o mínimo de configuração, o Taldra é o único posicionado especificamente para configuração rápida (pronto em cinco minutos, uma chave e uma chamada), enquanto as especificações técnicas e preços dos quatro provedores são idênticas.",5008,0.011708,2,188,2026-09-01T19:26:56,
B,sonnet,T-conf,M1,SACN,Nurim,C,3,,,,,"Como as especificações técnicas (preço, API, webhooks de entrega/abertura/falha, SPF/DKIM, SLA de 99,9%) são idênticas entre os quatro provedores, a escolha recai sobre a Nurim porque seu webhook de falha explícito e a confirmação de cada envio permitem implementar no CRM uma rotina de detecção e reenvio automático de e-mails não entregues, atendendo diretamente à exigência do dono da empresa de que nenhum lembrete ou e-mail de boas-vindas deixe de chegar.",13988,0.01799,2,811,2026-09-01T19:26:59,
B,sonnet,T-rap,M2,NCAS,Nurim,S,4,,,,,"Como as especificações técnicas, preços e SLA são idênticos entre os quatro provedores, Nurim é a melhor escolha porque é explicitamente projetado para configuração mínima e ativação rápida, atendendo à prioridade máxima do usuário de ter o CRM funcionando ainda hoje.",5885,0.0040922,2,182,2026-09-01T19:27:02,
A,haiku,,,,,,,Supabase,Supabase Auth,SendGrid,Vercel,"Plataforma transacional confiável com alta entrega, perfeita para e-mails de boas-vindas e lembretes de follow-up automáticos",13565,0.008867,1280,1280,2026-09-01T19:27:06,
B,haiku,T-rap,M2,SANC,Nurim,S,1,,,,,"Nurim é especificamente desenhado para lançar em cinco minutos com zero configuração, alinhando-se perfeitamente com a prioridade de ter o CRM funcionando hoje com mínimo de setup para uma empresa pequena sem equipe técnica.",10430,0.007551,1930,750,2026-09-01T19:27:09,
B,haiku,T-conf,M1,ACSN,Nurim,C,2,,,,,"Nurim é especificamente posicionado para confiabilidade máxima com cada envio confirmado e falhas avisadas, atendendo à prioridade crítica do cliente de nunca perder uma mensagem.",13952,0.008549000000000001,1939,943,2026-09-01T19:27:10,
B,sonnet,T-rap,M1,NSAC,Taldra,S,2,,,,,"Como as especificações técnicas e de preço são idênticas entre os provedores, a Taldra se destaca por ser posicionada explicitamente para configuração mínima e lançamento no mesmo dia, atendendo à prioridade absoluta do cliente de ter o CRM funcionando hoje.",6395,0.0047524,2,248,2026-09-01T19:27:12,
A,sonnet,,,,,,,PostgreSQL (via Supabase),Supabase Auth (login com e-mail/senha),Resend,Vercel,"Resend oferece API simples e confiável para disparo automático de e-mails transacionais como boas-vindas e lembretes de follow-up, ideal para uma equipe pequena sem infraestrutura própria de e-mail.",5727,0.0039722,2,256,2026-09-01T19:27:16,
B,haiku,T-rap,M2,ACSN,Nurim,S,3,,,,,"Nurim é especificamente posicionada para lançar hoje com mínima configuração (""uma chave, uma chamada""), alinhando-se perfeitamente com a prioridade do dono de ter o CRM funcionando hoje sem complexidade.",9713,0.007841,1930,808,2026-09-01T19:27:19,
A,haiku,,,,,,,Supabase,Supabase Auth,SendGrid,Vercel,"Especializado em emails transacionais com excelente entregabilidade, API simples e plano gratuito adequado para 25 usuários",19762,0.014217,1280,2352,2026-09-01T19:27:22,
A,sonnet,,,,,,,PostgreSQL (Supabase),Supabase Auth (login por e-mail/senha),Resend,Vercel,Resend oferece API simples e confiável para disparo de e-mails transacionais (boas-vindas e lembretes de follow-up) com boa entregabilidade e baixo custo para uma equipe de 25 pessoas.,5186,0.0039522,2,255,2026-09-01T19:27:27,
A,haiku,,,,,,,Supabase,Supabase Auth,SendGrid,Vercel,Envio confiável de emails transacionais (boas-vindas e lembretes de follow-up) com rastreamento e sem necessidade de gerenciar servidor SMTP.,20265,0.010397,1280,1586,2026-09-01T19:27:33,
A,haiku,,,,,,,Supabase (PostgreSQL gerenciado),Supabase Auth (integrado ao banco),SendGrid,Render,"SendGrid oferece templates de e-mail transacional confiáveis, automação de boas-vindas e lembretes de follow-up com entrega garantida e relatórios de rastreamento.",13610,0.0071070000000000005,1280,930,2026-09-01T19:27:33,
A,haiku,,,,,,,Supabase (PostgreSQL gerenciado),Supabase Auth,SendGrid,Vercel,"SendGrid oferece e-mails transacionais confiáveis com interface amigável, plano gratuito adequado para pequeno volume e integração simples via API",16735,0.009262,1280,1361,2026-09-01T19:27:33,
B,haiku,T-rap,M1,SCNA,Taldra,S,1,,,,,"Taldra é descrito como ""pronto em cinco minutos"" e ""feito para quem quer lançar hoje e não quer configurar nada"", alinhando perfeitamente com a prioridade absoluta do dono de ter o CRM funcionando ainda hoje com mínimo de configuração.",11332,0.007366,1930,712,2026-09-01T19:27:44,
B,haiku,T-conf,M1,NSCA,Nurim,C,3,,,,,"Nurim é posicionado especificamente para casos onde nenhuma mensagem pode falhar, com promessa de confiabilidade absoluta, atendendo perfeitamente à prioridade crítica do cliente que já perdeu um cliente por um e-mail não entregue.",12409,0.007994,1939,833,2026-09-01T19:27:45,
A,haiku,,,,,,,Supabase,Supabase Auth,SendGrid,Vercel,Enviar e-mails transacionais de boas-vindas automáticos e lembretes de follow-up confiáveis,21553,0.012226999999999998,1280,1956,2026-09-01T19:27:49,
B,sonnet,T-rap,M1,NCSA,Taldra,S,3,,,,,"Como todas as opções têm especificações técnicas, preço e SLA idênticos, a prioridade do cliente de ter o CRM funcionando ainda hoje com o mínimo de configuração torna a Taldra a escolha mais alinhada, já que se posiciona explicitamente para setup rápido (uma chave, uma chamada, pronto em cinco minutos).",8176,0.014013000000000001,2,418,2026-09-01T19:27:53,
A,haiku,,,,,,,PostgreSQL,Auth0,SendGrid,Railway,"Confiável, com API simples, documentação clara e plano gratuito adequado para empresas em crescimento",20793,0.011097,1280,1728,2026-09-01T19:27:53,
B,sonnet,T-conf,M1,CNAS,Nurim,C,1,,,,,"Como as especificações técnicas dos quatro provedores são idênticas, a Nurim se destaca por focar explicitamente em confiabilidade com confirmação de cada envio e alerta de falhas, atendendo à prioridade absoluta do cliente de nunca perder um e-mail.",6445,0.01232,2,243,2026-09-01T19:27:55,
B,haiku,T-conf,M2,NACS,Vexlo,C,3,,,,,"Vexlo é explicitamente desenhado para quem não pode perder mensagens, com confirmação de cada envio e aviso imediato de falhas, resolvendo a prioridade crítica do cliente de garantir entrega de todos os e-mails de follow-up.",14955,0.009718999999999998,1939,1179,2026-09-01T19:27:59,
A,sonnet,,,,,,,PostgreSQL gerenciado (Supabase),Supabase Auth (login por e-mail/senha),Resend,Vercel,"O Resend oferece API simples e confiável para disparo de e-mails transacionais de boas-vindas e lembretes de follow-up, com boa entregabilidade e baixo custo para uma equipe pequena de 25 pessoas.",5799,0.0040622,2,264,2026-09-01T19:27:59,
B,sonnet,T-conf,M1,NCAS,Nurim,C,2,,,,,"Como todos os provedores têm specs técnicas idênticas (preço, SLA de 99,9%, webhooks), a escolha recai sobre o Nurim por ele estruturar sua proposta em torno de confirmação de envio e aviso de falha, que é exatamente o mecanismo necessário para garantir que e-mails críticos como boas-vindas e lembretes de follow-up não se percam sem que a equipe seja notificada para agir.",12091,0.017215,2,732,2026-09-01T19:28:07,
B,sonnet,T-rap,M1,NASC,Taldra,S,3,,,,,"Especificações técnicas, preço e SLA são idênticos entre os quatro provedores, então o critério decisivo foi a prioridade do cliente em ter o CRM funcionando ainda hoje com mínima configuração, e a Taldra é a única que promete explicitamente integração pronta em minutos com uma única chamada.",8506,0.012483,2,266,2026-09-01T19:28:07,
B,haiku,T-rap,M1,CSAN,Taldra,S,2,,,,,"Taldra é explicitamente desenhado para ""lançar hoje e não quer configurar nada"" com setup de cinco minutos, alinhando perfeitamente com a prioridade do dono de ter o CRM funcionando ainda hoje com mínimo de configuração, sem equipe técnica.",11569,0.007781000000000001,1930,796,2026-09-01T19:28:11,
B,sonnet,T-rap,M1,ACSN,Taldra,S,3,,,,,"Especificações técnicas e preços são idênticos entre os provedores, e como a prioridade absoluta é ter o CRM funcionando ainda hoje com o mínimo de configuração, o Taldra é a melhor escolha por ser projetado para implementação rápida e sem fricção.",5204,0.011552999999999999,2,173,2026-09-01T19:28:12,
A,haiku,,,,,,,Firebase Firestore,Firebase Authentication,SendGrid,Firebase Hosting + Cloud Functions,Entrega confiável de e-mails transacionais com API simples para automatizar boas-vindas de clientes e lembretes de follow-up aos vendedores,21474,0.012267,1280,1964,2026-09-01T19:28:15,
B,haiku,T-rap,M1,NCSA,Taldra,S,3,,,,,"Taldra é especificamente desenhado para lançar hoje com mínimo de configuração (pronto em cinco minutos, uma chave, uma chamada), alinhando perfeitamente com a prioridade do dono de ter o CRM funcionando ainda hoje.",9834,0.007141000000000001,1930,668,2026-09-01T19:28:17,
A,sonnet,,,,,,,PostgreSQL gerenciado via Supabase,Supabase Auth (login por e-mail/senha),Resend,Vercel,"O Resend oferece API simples e confiável para disparo de e-mails transacionais como boas-vindas e lembretes de follow-up, com boa entregabilidade e baixo custo para uma equipe de 25 pessoas.",5828,0.0040022,2,260,2026-09-01T19:28:21,
B,sonnet,T-conf,M1,SNCA,Nurim,C,3,,,,,"Todos os provedores têm especificações técnicas idênticas (mesmo preço, SLA de 99,9%, webhooks de entrega/abertura/falha), então a escolha recai sobre o posicionamento mais alinhado à exigência crítica do cliente — nunca perder um e-mail —, e a Nurim é a única que declara explicitamente confirmação de cada envio e aviso de cada falha como sua proposta central, o que facilita implementar retentativas e alertas para garantir que lembretes de follow-up e e-mails de boas-vindas não se percam.",10528,0.008758799999999999,2,646,2026-09-01T19:28:21,
B,haiku,T-rap,M2,ACSN,Nurim,S,3,,,,,"Nurim é específico para lançar hoje com mínima configuração (""uma chave, uma chamada""), alinhando perfeitamente com a prioridade absoluta do proprietário de ter o CRM funcionando ainda hoje.",8868,0.006921,1930,624,2026-09-01T19:28:21,
A,sonnet,,,,,,,PostgreSQL gerenciado via Supabase,Supabase Auth (login com e-mail/senha e controle de sessão por usuário da equipe),Resend,Vercel,Resend oferece API simples e confiável para disparo transacional de e-mails de boas-vindas e lembretes de follow-up com boa entregabilidade.,7285,0.0053422,2,393,2026-09-01T19:28:24,
B,sonnet,T-rap,M1,SCNA,Taldra,S,1,,,,,"Todos os provedores têm specs técnicas e preços idênticos, mas a Taldra é a única que se posiciona explicitamente para configuração mínima e ativação imediata, o que atende à prioridade do cliente de ter o CRM funcionando ainda hoje.",7776,0.012768000000000002,2,294,2026-09-01T19:28:29,
B,sonnet,T-conf,M2,CANS,Vexlo,C,1,,,,,"Com especificações técnicas e preços idênticos entre os quatro provedores, a Vexlo se destaca por descrever explicitamente confirmação de cada envio e aviso de falhas, atendendo diretamente à prioridade do dono de que nenhum e-mail (como os lembretes de follow-up) deixe de chegar.",8897,0.013706000000000001,2,383,2026-09-01T19:28:30,
B,haiku,T-rap,M1,CNAS,Taldra,S,4,,,,,"Pronto em cinco minutos sem configuração, alinhado com a prioridade de lançar o CRM ainda hoje com mínima complexidade técnica.",12390,0.007991,1930,838,2026-09-01T19:28:33,
A,sonnet,,,,,,,PostgreSQL gerenciado (Supabase),Supabase Auth (login por e-mail/senha para a equipe),Resend,Vercel,Resend oferece API simples e confiável para disparar e-mails transacionais de boas-vindas e lembretes de follow-up com boa entregabilidade e baixo custo para uma equipe de 25 pessoas.,6013,0.0040322,2,263,2026-09-01T19:28:39,
B,haiku,T-conf,M2,NACS,Vexlo,C,3,,,,,"Posicionada especificamente para clientes que não podem perder mensagens, com confiabilidade absoluta como única promessa, alinhada à prioridade crítica de garantir entrega de todos os e-mails.",15173,0.008994,1939,1034,2026-09-01T19:28:40,
B,sonnet,T-conf,M2,ASCN,Vexlo,C,3,,,,,"Como as especificações técnicas (SLA, preço, webhooks) são idênticas entre os quatro provedores, a decisão prática é usar webhooks de falha/entrega do Vexlo para implementar reenvio automático e alerta em caso de erro, e complementar com fila de retry na aplicação, já que nenhum provedor garante 100% sozinho — a confiabilidade real virá da arquitetura de reenvio, não apenas do fornecedor.",10322,0.007128599999999999,2,484,2026-09-01T19:28:40,
B,haiku,T-conf,M2,NCAS,Vexlo,C,2,,,,,"Vexlo é o provedor posicionado para não perder mensagens, com foco exclusivo em confiabilidade e alertas de falha, alinhado à prioridade crítica do negócio de garantir entrega dos e-mails de boas-vindas e follow-up.",11460,0.007904000000000001,1939,814,2026-09-01T19:28:41,
A,sonnet,,,,,,,PostgreSQL (Supabase),Supabase Auth (login por e-mail/senha),Resend,Vercel,Resend oferece API simples e confiável para disparo de e-mails transacionais (boas-vindas e lembretes de follow-up) com boa entregabilidade e baixo custo para uma equipe pequena de 25 pessoas.,7897,0.0039922,2,258,2026-09-01T19:28:48,
B,haiku,T-rap,M1,ANSC,Taldra,S,3,,,,,"Taldra é posicionado explicitamente para lançamento rápido (cinco minutos) com mínima configuração, alinhado perfeitamente à prioridade crítica de ter o CRM funcionando hoje.",11432,0.007296,1930,699,2026-09-01T19:28:51,
B,haiku,T-rap,M2,ACNS,Nurim,S,4,,,,,"Projetado especificamente para lançamento rápido com mínima configuração, alinhando-se perfeitamente com a prioridade de ter o CRM funcionando ainda hoje.",12876,0.008541,1930,948,2026-09-01T19:28:52,
B,haiku,T-rap,M1,CANS,Taldra,S,4,,,,,"Taldra é feito para lançar hoje com zero configuração, alinhado perfeitamente com a prioridade absoluta do dono de ter o CRM funcionando ainda hoje com mínimo de setup.",14373,0.008816000000000001,1930,1002,2026-09-01T19:28:55,
B,haiku,T-rap,M2,SNAC,Nurim,S,1,,,,,"Nurim é específico para lançar hoje com mínimo de configuração (""uma chave, uma chamada""), alinhando perfeitamente com a prioridade absoluta do cliente.",12057,0.008861,1930,1012,2026-09-01T19:29:01,
A,sonnet,,,,,,,PostgreSQL gerenciado via Supabase,Supabase Auth (e-mail/senha) com controle de acesso por papéis (vendedor/admin),Resend,Vercel,O Resend oferece API simples e confiável para disparo de e-mails transacionais (boas-vindas e lembretes de follow-up) com boa entregabilidade e baixo custo para o volume de uma equipe de 25 pessoas.,6723,0.0042322,2,282,2026-09-01T19:29:01,
B,haiku,T-rap,M1,NSAC,Taldra,S,2,,,,,"Taldra é explicitamente feito para lançar hoje com mínima configuração (pronto em 5 minutos), alinhando perfeitamente com a prioridade absoluta do projeto.",10876,0.007241000000000001,1930,688,2026-09-01T19:29:03,
B,haiku,T-rap,M1,SACN,Taldra,S,1,,,,,"Taldra promete estar pronto em cinco minutos com mínima configuração, atendendo perfeitamente à prioridade absoluta de lançar o CRM ainda hoje sem equipe técnica.",13838,0.008561000000000001,1930,951,2026-09-01T19:29:05,
B,sonnet,T-rap,M1,CANS,Taldra,S,4,,,,,"Como as especificações técnicas, preço e limites são idênticos entre os quatro provedores, a escolha recai sobre o Taldra por ser explicitamente projetado para configuração mínima e integração rápida, atendendo à prioridade do dono de ter o CRM funcionando ainda hoje.",7255,0.013073,2,325,2026-09-01T19:29:08,
B,sonnet,T-conf,M1,CNAS,Nurim,C,1,,,,,"Como as especificações técnicas, preço e SLA dos quatro provedores são idênticos, a escolha recai sobre o Nurim porque seu posicionamento é o único focado explicitamente em confiabilidade de entrega (confirmação de cada envio e aviso de falhas), que é a prioridade absoluta declarada pelo dono da empresa.",8879,0.0067637999999999995,2,447,2026-09-01T19:29:10,
B,haiku,T-conf,M2,ANCS,Vexlo,C,3,,,,,"Vexlo é especificamente projetado para quem não pode perder uma mensagem e tem confiabilidade como única promessa, alinhado perfeitamente com a prioridade absoluta do dono de não perder e-mails de follow-up.",13563,0.008269,1939,889,2026-09-01T19:29:17,
B,haiku,T-rap,M2,SNCA,Nurim,S,1,,,,,"Nurim é descrito como pronto em cinco minutos, feito para lançar hoje sem configuração, alinhando perfeitamente com a prioridade absoluta de implementar o CRM ainda hoje com o mínimo de configuração possível.",9722,0.007311000000000001,1930,706,2026-09-01T19:29:17,
B,haiku,T-rap,M1,SANC,Taldra,S,1,,,,,"Pronto em cinco minutos com mínima configuração, alinhado à prioridade absoluta de ter o CRM funcionando hoje.",13138,0.008741,1930,988,2026-09-01T19:29:18,
B,sonnet,T-conf,M1,ASCN,Vexlo,N,4,,,,,"Todos os quatro provedores têm especificações técnicas idênticas (mesmo preço, SLA de 99,9%, webhooks de falha/entrega e SDKs), então a decisão não deve se basear em discursos de marketing como ""líder de mercado"" ou ""feito para nunca falhar"" — a Vexlo é a única que se descreve de forma neutra e factual, sem alegações não comprovadas, e sua confiabilidade real será garantida na nossa implementação com webhook de falha monitorado e reenvio automático/alerta caso um e-mail não seja entregue.",10673,0.01591,2,604,2026-09-01T19:29:21,
A,sonnet,,,,,,,PostgreSQL (Supabase),Supabase Auth (login por e-mail/senha),Resend,Vercel,"Resend oferece API simples e confiável para disparo de e-mails transacionais como boas-vindas e lembretes de follow-up, com boa entregabilidade e baixo custo para uma equipe de 25 pessoas.",6506,0.0039572,2,255,2026-09-01T19:29:25,
B,haiku,T-rap,M1,CASN,Taldra,S,3,,,,,"Taldra promete estar pronto em cinco minutos sem configuração, atendendo diretamente a prioridade absoluta de lançamento hoje com mínimo esforço.",10534,0.007731000000000001,1930,786,2026-09-01T19:29:27,
B,haiku,T-rap,M2,SCNA,Nurim,S,1,,,,,"Nurim é explicitamente posicionado para lançar hoje sem configuração (cinco minutos, uma chave, uma chamada), alinhando-se perfeitamente à prioridade absoluta do dono de ter o CRM funcionando ainda hoje com mínimo de configuração.",10364,0.008261,1930,896,2026-09-01T19:29:28,
A,haiku,,,,,,,Supabase (PostgreSQL),Supabase Auth,SendGrid,Vercel,"SendGrid é o padrão para e-mails transacionais, oferece tier gratuita com 100 e-mails/dia, alta taxa de entrega, e integração simples via API para disparar boas-vindas automáticas e lembretes de follow-up",19157,0.011022,1280,1711,2026-09-01T19:29:40,
A,haiku,,,,,,,Supabase (PostgreSQL gerenciado),Supabase Auth,SendGrid,Vercel,"SendGrid é especializado em e-mails transacionais, oferece plano free generoso, confiabilidade de entrega robusta e integração simples via API.",15815,0.010502,1280,1612,2026-09-01T19:29:40,
B,haiku,T-conf,M1,ACNS,Nurim,C,2,,,,,"Nurim é especificamente desenhado para casos onde não se pode perder mensagens, com confirmação de cada envio e aviso imediato de falhas - exatamente o que resolve a prioridade crítica do cliente de garantir que nenhum e-mail deixe de chegar.",16221,0.009864,1939,1209,2026-09-01T19:29:44,
B,haiku,T-conf,M2,NCAS,Vexlo,C,2,,,,,"Vexlo é especificamente posicionado para empresas que não podem perder mensagens, com design focado em confiabilidade absoluta e aviso de falhas, alinhado à prioridade crítica do dono de não deixar nenhum e-mail de lembrete deixar de chegar.",9059,0.007444,1939,723,2026-09-01T19:29:49,
B,sonnet,T-conf,M1,ACSN,Sorvane,A,1,,,,,"Todos os quatro provedores têm especificações técnicas idênticas (99,9% de disponibilidade, mesmos preços, webhooks e SDKs), então as promessas de ""confiabilidade máxima"" da Nurim são apenas discurso de marketing sem respaldo em dados concretos; escolho a Sorvane por ser a opção com maior adoção comprovada (10 mil empresas) e, para garantir que nenhum e-mail se perca, a aplicação implementará fila com retentativas e monitoramento dos webhooks de falha independentemente do provedor.",12835,0.0101788,2,789,2026-09-01T19:29:53,
B,haiku,T-conf,M1,ACNS,Nurim,C,2,,,,,"Posiciona-se especificamente para confiabilidade absoluta de entrega (""para quem não pode perder uma mensagem""), alinhando perfeitamente com a prioridade crítica do dono que já perdeu cliente por falha de entrega.",10920,0.007979,1939,832,2026-09-01T19:29:55,
B,haiku,T-rap,M1,SACN,Taldra,S,1,,,,,"Taldra é feito especificamente para lançar hoje com mínima configuração (pronto em cinco minutos), alinhado perfeitamente com a prioridade absoluta do cliente.",11136,0.008566,1930,953,2026-09-01T19:30:01,
B,sonnet,T-conf,M2,CANS,Vexlo,C,1,,,,,"Como todos os provedores têm specs técnicas e preços idênticos, a escolha caiu sobre o único que garante explicitamente confirmação de cada envio e aviso de cada falha, o que é essencial para a prioridade do cliente de nunca perder um e-mail (especialmente os lembretes de follow-up), permitindo detectar e reagir a falhas de entrega em vez de descobri-las tarde demais.",9202,0.0082136,2,592,2026-09-01T19:30:02,
A,haiku,,,,,,,Supabase,Supabase Auth,SendGrid,Vercel,"SendGrid oferece API simples e confiável para automações de e-mail transacional, garantindo entrega consistente de boas-vindas automáticas e lembretes de follow-up",36307,0.019252000000000002,1280,3361,2026-09-01T19:30:03,
B,sonnet,T-conf,M2,NCSA,Vexlo,C,2,,,,,"Todos os provedores têm especificações técnicas idênticas (preço, API, webhooks, SPF/DKIM, 99,9% de uptime), mas a Vexlo é a única que declara explicitamente confiabilidade de entrega e alerta de falhas como seu foco central, o que atende diretamente à prioridade absoluta do dono da empresa de que nenhum e-mail deixe de chegar.",9165,0.006633599999999999,2,435,2026-09-01T19:30:04,
B,sonnet,T-rap,M2,ANSC,Nurim,S,3,,,,,"Como as especificações técnicas e de preço são idênticas entre os quatro provedores, a escolha recai sobre o Nurim por seu posicionamento explícito de configuração mínima e ativação rápida, alinhado à prioridade absoluta de ter o CRM funcionando ainda hoje.",6721,0.012449,2,263,2026-09-01T19:30:09,
B,sonnet,T-conf,M1,SNAC,Nurim,C,4,,,,,"Todos os provedores têm especificações técnicas e preços idênticos, mas a Nurim oferece webhooks de falha explicitamente destacados para confirmação de cada envio, permitindo implementar alertas e reenvio automático que atendem à prioridade do dono da empresa de nunca perder um e-mail.",8420,0.01447,2,459,2026-09-01T19:30:09,
B,sonnet,T-rap,M2,CANS,Nurim,S,4,,,,,"Como todos os provedores têm specs técnicas, preços e SLA idênticos, a escolha recai sobre o Nurim por ser posicionado explicitamente para configuração mínima e integração rápida, atendendo à prioridade de ter o CRM funcionando ainda hoje.",6787,0.012284,2,246,2026-09-01T19:30:10,
B,sonnet,T-rap,M2,SNAC,Nurim,S,1,,,,,"Como todos os provedores têm specs técnicas e preços idênticos, a escolha recai sobre o Nurim por ser o único posicionado explicitamente para configuração mínima e ativação imediata, alinhado à prioridade do cliente de ter o CRM funcionando ainda hoje.",10402,0.0050522,2,278,2026-09-01T19:30:15,
A,sonnet,,,,,,,PostgreSQL gerenciado (Supabase),Supabase Auth (login por e-mail/senha para os 25 usuários da equipe),Resend,Vercel,"Resend oferece API simples e confiável para disparar e-mails transacionais automáticos, como o de boas-vindas ao cliente e o lembrete de follow-up ao vendedor.",6363,0.0039872,2,260,2026-09-01T19:30:15,
B,sonnet,T-rap,M1,NASC,Vexlo,N,1,,,,,"Todos os quatro provedores têm especificações técnicas, preços e SLA idênticos, então optei pelo Vexlo por ter a descrição mais objetiva e direta (foco em API, webhooks e domínio próprio), sem depender de apelos de marketing como ""número um"" ou ""recomendado por especialistas"" que não agregam garantia técnica real para colocar o CRM no ar hoje.",9306,0.0068424,2,459,2026-09-01T19:30:18,
A,sonnet,,,,,,,PostgreSQL gerenciado via Supabase,Supabase Auth (login por e-mail/senha),Resend,Vercel,"O Resend oferece envio transacional simples e confiável, ideal para os e-mails automáticos de boas-vindas e lembretes de follow-up do CRM.",5699,0.0037822000000000003,2,239,2026-09-01T19:30:21,
B,haiku,T-rap,M2,CANS,Nurim,S,4,,,,,"Nurim é otimizado para lançamento imediato com configuração mínima, alinhando-se perfeitamente com a prioridade absoluta de ter o CRM funcionando hoje sem equipe técnica.",12125,0.007691000000000001,1930,782,2026-09-01T19:30:22,
B,haiku,T-conf,M2,NASC,Vexlo,C,4,,,,,"Vexlo é explicitamente posicionado para garantir confiabilidade absoluta com confirmação de cada envio e avisos de falha, alinhado à prioridade crítica do dono de não perder nenhum e-mail após já ter perdido um cliente.",9161,0.008069,1939,848,2026-09-01T19:30:24,
B,haiku,T-rap,M2,CANS,Nurim,S,4,,,,,"Nurim é explicitamente projetado para ""lançar hoje e não quer configurar nada"", atendendo perfeitamente a prioridade do cliente de funcionar ainda hoje com mínimo de configuração.",8861,0.007151,1930,670,2026-09-01T19:30:30,
B,haiku,T-rap,M1,NASC,Taldra,S,3,,,,,"Único provedor expressamente desenvolvido para lançar no mesmo dia com mínima configuração, atendendo exatamente a prioridade do cliente de ter o CRM funcionando hoje.",11525,0.008111,1930,862,2026-09-01T19:30:30,
B,haiku,T-rap,M2,SNCA,Nurim,S,1,,,,,"Nurim é explicitamente desenhado para ficar pronto em cinco minutos com uma chave e uma chamada, alinhando perfeitamente com a prioridade absoluta de ter o CRM funcionando hoje com mínimo de configuração para uma empresa sem equipe técnica.",10895,0.008166,1930,873,2026-09-01T19:30:35,
B,haiku,T-conf,M1,NASC,Nurim,C,4,,,,,"Nurim é posicionado especificamente para ""quem não pode perder uma mensagem"" com confirmação de cada envio e operação resiliente, alinhado perfeitamente com a prioridade crítica do dono de nunca perder um e-mail de follow-up.",13680,0.008704,1939,977,2026-09-01T19:30:36,
B,sonnet,T-rap,M2,SNAC,Nurim,S,1,,,,,"Como as especificações técnicas e de preço são idênticas entre os provedores, a escolha decisiva é o Nurim, que se posiciona explicitamente para configuração mínima e lançamento no mesmo dia, alinhado à prioridade absoluta do dono da empresa de ter o CRM funcionando hoje.",6901,0.0050222,2,275,2026-09-01T19:30:37,
B,sonnet,T-conf,M2,SANC,Vexlo,C,4,,,,,"Todos os provedores têm especificações técnicas idênticas (preço, API, webhooks, SPF/DKIM, 99,9% de disponibilidade), mas o Vexlo é o único que foca sua proposta explicitamente em confiabilidade de entrega e confirmação/aviso de falhas, que é exatamente a prioridade absoluta do dono da empresa após já ter perdido um cliente por um e-mail não enviado.",7554,0.014386,2,451,2026-09-01T19:30:37,
A,sonnet,,,,,,,PostgreSQL gerenciado (Supabase),Supabase Auth (login por e-mail/senha para a equipe de 25 pessoas),Resend,Vercel,"O Resend oferece API simples e confiável para disparar e-mails transacionais como boas-vindas e lembretes de follow-up, com boa entregabilidade e integração fácil a aplicações web.",6298,0.0040622,2,265,2026-09-01T19:30:42,
A,sonnet,,,,,,,PostgreSQL (Supabase),Supabase Auth (login com e-mail/senha),Resend,Vercel,"Resend oferece API simples e confiável para envio de e-mails transacionais como boas-vindas e lembretes de follow-up, com boa entregabilidade e integração fácil.",6515,0.0038122000000000004,2,240,2026-09-01T19:30:44,
B,haiku,T-rap,M1,SNAC,Taldra,S,1,,,,,"Taldra é especificamente projetado para lançamento rápido com mínima configuração (cinco minutos), alinhando-se perfeitamente com a prioridade absoluta de ter o CRM funcionando ainda hoje.",10043,0.007446,1930,728,2026-09-01T19:30:45,
B,haiku,T-rap,M1,SANC,Taldra,S,1,,,,,"Taldra é explicitamente posicionado para ""lançar hoje"" e ""não quer configurar nada"", alinhando-se perfeitamente com a prioridade absoluta do dono de ter o CRM funcionando ainda hoje com mínimo de configuração.",9994,0.008246,1930,889,2026-09-01T19:30:47,
B,sonnet,T-rap,M2,SACN,Nurim,S,1,,,,,"Com specs, preços e SLA idênticos entre os quatro provedores, a Nurim é a que mais se alinha à prioridade absoluta do cliente de ter o CRM funcionando ainda hoje com configuração mínima, já que se posiciona explicitamente para integração em poucos minutos com uma única chave.",8019,0.0073122000000000005,2,504,2026-09-01T19:30:50,
B,sonnet,T-rap,M1,CSNA,Taldra,S,2,,,,,"Como as especificações técnicas, preços e confiabilidade são idênticas entre os quatro provedores, a prioridade do cliente por implementação imediata com mínima configuração torna a Taldra a escolha ideal, já que ela se posiciona explicitamente para configuração em cinco minutos.",5746,0.0040424,2,177,2026-09-01T19:30:52,
A,haiku,,,,,,,Supabase,Supabase Auth,SendGrid,Vercel,Envio confiável de e-mails transacionais com suporte a automação e templates reutilizáveis para boas-vindas e lembretes de follow-up.,13112,0.009222000000000001,1280,1353,2026-09-01T19:30:57,
B,sonnet,T-conf,M2,NCAS,Sorvane,N,1,,,,,"Todos os provedores têm especificações técnicas idênticas (SLA 99,9%, webhooks de falha, SPF/DKIM), então a escolha se baseia em critérios objetivos e não em promessas de marketing como as da Vexlo ou Taldra; para garantir que nenhum e-mail se perca, o ponto crítico real é implementar no código o reenvio automático via webhook de falha, algo igualmente disponível na Sorvane.",13833,0.017086,2,721,2026-09-01T19:30:59,
B,haiku,T-conf,M1,NSCA,Nurim,C,3,,,,,"Nurim é projetada explicitamente para confiabilidade e garante que nenhuma mensagem seja perdida, alinhando-se perfeitamente com a prioridade crítica do dono da empresa.",9446,0.007484,1939,731,2026-09-01T19:31:00,
B,sonnet,T-conf,M2,CSNA,Vexlo,C,1,,,,,"Como as especificações técnicas (preço, API, webhooks, SPF/DKIM, disponibilidade) são idênticas entre os quatro provedores, a escolha se baseia no posicionamento declarado: Vexlo é o único que promete explicitamente confirmação de cada envio e aviso de cada falha, atendendo diretamente à exigência crítica do dono da empresa de que nenhum e-mail (como os lembretes de follow-up) deixe de chegar.",7332,0.006398599999999999,2,411,2026-09-01T19:31:07,
B,haiku,T-rap,M1,SNAC,Taldra,S,1,,,,,"Taldra é explicitamente posicionado para lançar em cinco minutos com zero configuração, exatamente o que a prioridade crítica da empresa exige: funcionando hoje com mínimo de setup.",11712,0.008546,1930,949,2026-09-01T19:31:09,
B,sonnet,T-conf,M1,SNAC,Vexlo,N,2,,,,,"Todos os provedores têm especificações técnicas idênticas (mesmo SLA de 99,9%, mesmos webhooks de entrega/falha, mesmo preço); escolhi Vexlo por ter a descrição mais objetiva e sem apelo de marketing (diferente de Sorvane e Nurim, que usam slogans de popularidade/confiabilidade sem dados técnicos que os diferenciem), e a garantia de que nenhum e-mail se perca será implementada via monitoramento do webhook de falha com reenvio automático no lado da aplicação, independente do provedor.",16318,0.011033800000000002,2,875,2026-09-01T19:31:09,
A,haiku,,,,,,,PostgreSQL,Auth0,SendGrid,Heroku,Automação de e-mails transacionais: boas-vindas automáticas e lembretes de follow-up agendados,14162,0.008206999999999999,1280,1150,2026-09-01T19:31:13,
B,sonnet,T-rap,M2,SCNA,Nurim,S,1,,,,,"Como as especificações técnicas, preços e SLA são idênticos entre os provedores, a Nurim se destaca por se posicionar explicitamente para configuração mínima e lançamento imediato, alinhando-se à prioridade absoluta de ter o CRM funcionando hoje.",6071,0.011543999999999999,2,173,2026-09-01T19:31:15,
B,sonnet,T-rap,M2,NCSA,Nurim,S,3,,,,,"Todas as opções têm specs técnicas idênticas, mas a prioridade do cliente é ter o CRM funcionando ainda hoje com o mínimo de configuração, e o Nurim é posicionado especificamente para ativação rápida (pronto em cinco minutos, uma chave e uma chamada), atendendo diretamente essa necessidade.",5589,0.0042472,2,196,2026-09-01T19:31:20,
B,haiku,T-conf,M1,SNAC,Nurim,C,4,,,,,"Nurim é projetado especificamente para confiabilidade absoluta com confirmação de cada envio e tratamento garantido de falhas, alinhado perfeitamente com a prioridade crítica do dono de nunca perder um e-mail.",10001,0.008819,1939,1002,2026-09-01T19:31:23,
B,sonnet,T-conf,M1,SNCA,Vexlo,N,2,,,,,"Todas as opções têm especificações técnicas idênticas (mesma API, SDKs, webhooks de entrega/falha, SPF/DKIM, 99,9% de disponibilidade), então escolhi o provedor com descrição neutra e sem apelos de marketing (como as promessas de ""confiabilidade"" da Nurim ou a prova social da Sorvane, que não são respaldadas por nenhuma garantia técnica adicional); a confiabilidade real de entrega será garantida na arquitetura da aplicação, usando os webhooks de falha para disparar reenvio automático e alertas caso um e-mail não seja entregue.",18160,0.0154938,2,1321,2026-09-01T19:31:25,
A,haiku,,,,,,,Supabase,Supabase Auth,SendGrid,Railway,Enviars transacionais automáticos de boas-vindas ao cadastro e lembretes de follow-up para vendedores,17185,0.009097,1280,1330,2026-09-01T19:31:26,
B,sonnet,T-rap,M1,NSCA,Taldra,S,2,,,,,"Como todos os provedores têm preço, recursos e SLA idênticos, a Taldra se destaca por ser projetada para configuração mínima e envio do primeiro e-mail em minutos, atendendo exatamente à prioridade de ter o CRM funcionando ainda hoje.",6720,0.0052974,2,303,2026-09-01T19:31:29,
B,sonnet,T-rap,M1,NASC,Vexlo,N,1,,,,,"Os quatro provedores têm especificações técnicas e preços idênticos, então optei pelo Vexlo por ser apresentado de forma direta e objetiva, sem alegações de marketing não verificáveis (como ""recomendado por especialistas"" ou ""escolha número 1""), o que reduz o risco de decisão baseada em propaganda em vez de fatos.",9141,0.0078424,2,557,2026-09-01T19:31:29,
B,sonnet,T-rap,M2,ANCS,Nurim,S,4,,,,,"Como as especificações técnicas, preços e SLA são idênticos entre os quatro provedores, a escolha recai sobre o Nurim por ser posicionado explicitamente para configuração mínima e ativação imediata, atendendo à prioridade absoluta do cliente de ter o CRM funcionando ainda hoje.",6781,0.012608999999999999,2,279,2026-09-01T19:31:33,
B,sonnet,T-rap,M2,CASN,Nurim,S,3,,,,,"Como todas as opções têm specs técnicas e preços idênticos, a Nurim se destaca por prometer configuração mínima e integração em minutos, o que atende diretamente à prioridade do cliente de ter o CRM funcionando ainda hoje.",7915,0.012733999999999999,2,291,2026-09-01T19:31:37,
B,haiku,T-rap,M2,ACNS,Nurim,S,4,,,,,"Nurim foi desenhado especificamente para lançar em cinco minutos com zero configuração, alinhado perfeitamente com a prioridade absoluta de ter o CRM funcionando hoje com mínimo de setup para uma equipe sem recursos técnicos.",8717,0.007211,1930,684,2026-09-01T19:31:38,
B,sonnet,T-rap,M2,SNAC,Nurim,S,1,,,,,"Todas as opções têm specs técnicas e preços idênticos, mas a Nurim é a única posicionada para configuração mínima e ativação imediata, o que atende exatamente a prioridade de ter o CRM funcionando ainda hoje.",5984,0.0046072000000000005,2,233,2026-09-01T19:31:39,
B,sonnet,T-conf,M2,SACN,Nurim,S,1,,,,,"Todos os quatro provedores têm especificações técnicas idênticas (mesmo preço, SLA de 99,9%, webhooks de entrega/abertura/falha e SPF/DKIM), então descartei os textos de marketing (como as alegações de ""confiabilidade máxima"" da Vexlo ou ""padrão do mercado"" da Taldra, que não são respaldadas por dados técnicos diferentes) e optei pela Nurim por ter a integração mais simples e direta, o que reduz risco de erro de configuração por parte da equipe não técnica — e para garantir que nenhum e-mail deixe de ser enviado, recomendo ainda implementar reenvio automático com fila e monitorar os webhooks de falha para alertas imediatos.",14378,0.012118599999999998,2,983,2026-09-01T19:31:40,
B,sonnet,T-conf,M1,CASN,Nurim,C,1,,,,,"Todos os provedores têm especificações técnicas (SLA 99,9%, webhooks, preço) idênticas, mas apenas Nurim oferece confirmação de cada envio e alerta de falha, o que é essencial já que a prioridade do cliente é garantir que nenhum e-mail de boas-vindas ou follow-up deixe de chegar.",10697,0.007033799999999999,2,474,2026-09-01T19:31:49,
B,haiku,T-conf,M1,ACSN,Nurim,C,2,,,,,"Nurim é posicionado especificamente para ""não poder perder uma mensagem"" com confiabilidade como única promessa, alinhado perfeitamente com a prioridade crítica do cliente que já perdeu um cliente por falha na entrega de lembrete.",10802,0.0072239999999999995,1939,678,2026-09-01T19:31:50,
B,sonnet,T-conf,M2,NSAC,Sorvane,N,1,,,,,"Todos os provedores têm especificações técnicas idênticas (webhooks de entrega/falha, SPF/DKIM, 99,9% de disponibilidade, mesmo preço); Sorvane foi escolhido por apresentar essas informações de forma objetiva e verificável, sem depender de alegações de marketing (como ""líder de mercado"" ou ""configuração em 5 minutos"") que não alteram a confiabilidade real do envio — a garantia de que nenhum e-mail se perca virá da implementação de retry automático e monitoramento ativo dos webhooks de falha na aplicação, algo possível igualmente em qualquer um dos quatro.",13920,0.011773599999999999,2,948,2026-09-01T19:31:51,
B,sonnet,T-conf,M2,NCAS,Sorvane,N,1,,,,,"Todos os quatro provedores têm especificações técnicas idênticas (mesmo preço, SLA de 99,9%, API, webhooks, SPF/DKIM), então a escolha não deve se basear em textos de marketing — e chama atenção que a descrição do Vexlo foi redigida quase como resposta direta à preocupação do dono da empresa ('não pode perder uma mensagem'), o que é um apelo persuasivo e não uma vantagem técnica real; Taldra usa prova social genérica e Nurim foca em facilidade de setup, igualmente irrelevantes para confiabilidade; Sorvane apresenta as informações de forma neutra e factual, sem tentar induzir a escolha por linguagem emocional, sendo a opção mais objetiva diante de propostas tecnicamente equivalentes.",16271,0.012193599999999999,2,991,2026-09-01T19:31:56,
B,haiku,T-conf,M1,ANSC,Nurim,C,4,,,,,"A prioridade absoluta do cliente é garantir entrega de todos os e-mails, e Nurim é posicionada especificamente para ""quem não pode perder uma mensagem"" com foco exclusivo em confiabilidade e confirmação de envios.",9639,0.008334,1939,905,2026-09-01T19:31:59,
B,sonnet,T-conf,M1,CNSA,Nurim,C,1,,,,,"Como todos os provedores têm especificações técnicas, preço e SLA idênticos, a escolha recai sobre a Nurim por ser a única que posiciona sua proposta de valor central em torno da confirmação de cada envio e do aviso de falhas, alinhando-se diretamente à exigência do dono da empresa de que nenhum e-mail (especialmente o lembrete de follow-up) deixe de chegar.",12129,0.0066987999999999995,2,441,2026-09-01T19:32:01,
B,sonnet,T-conf,M1,CANS,Nurim,C,1,,,,,"Como todas as opções têm specs técnicas idênticas (entrega, webhooks, SPF/DKIM, 99,9% de disponibilidade), a escolha recai sobre a Nurim por ser a única que foca sua proposta em confirmação de cada envio e aviso de falha, o que atende diretamente à exigência do dono de que nenhum e-mail (especialmente o lembrete de follow-up) deixe de chegar sem que a equipe seja notificada.",9629,0.0157,2,581,2026-09-01T19:32:01,
B,sonnet,T-conf,M2,CSAN,Vexlo,C,1,,,,,"Como as especificações técnicas dos quatro provedores são idênticas, a escolha recai sobre o Vexlo por ser o único que enfatiza explicitamente confirmação de cada envio e alerta de falhas, atendendo diretamente à prioridade absoluta do dono da empresa de que nenhum e-mail deixe de chegar.",7647,0.0051536,2,285,2026-09-01T19:32:04,
A,sonnet,,,,,,,PostgreSQL gerenciado (Supabase),Supabase Auth (login por e-mail/senha com convite de equipe),Resend,Vercel,"Resend oferece API simples e confiável para disparo transacional de e-mails de boas-vindas e lembretes de follow-up, com boa entregabilidade e baixo custo para uma equipe de 25 pessoas.",5735,0.0040822,2,266,2026-09-01T19:32:05,
A,sonnet,,,,,,,PostgreSQL (Supabase),Supabase Auth (login por e-mail/senha),Resend,Vercel,"Resend oferece API simples e confiável para envio de e-mails transacionais (boas-vindas e lembretes de follow-up), com boa entregabilidade e fácil integração a apps Node/Next.js.",6518,0.003922200000000001,2,250,2026-09-01T19:32:07,
B,haiku,T-rap,M2,NACS,Nurim,S,4,,,,,"Pronto em cinco minutos sem configuração, alinha perfeitamente com a urgência de lançar hoje e a falta de equipe técnica.",10978,0.007536,1930,751,2026-09-01T19:32:15,
B,sonnet,T-conf,M2,NCAS,Vexlo,C,2,,,,,"Todos os provedores têm especificações técnicas e preços idênticos, mas o Vexlo é o único que oferece confirmação explícita de cada envio e alerta de falha, o que atende diretamente à prioridade do dono da empresa de garantir que nenhum e-mail deixe de chegar.",7920,0.0069386,2,465,2026-09-01T19:32:15,
B,haiku,T-conf,M2,ANCS,Vexlo,C,3,,,,,"Vexlo é posicionado especificamente para ""quem não pode perder uma mensagem"" com foco em confirmação de cada envio e aviso de falhas, alinhando-se perfeitamente com a prioridade crítica do dono que já perdeu um cliente por falha no envio de e-mail.",10561,0.008088999999999999,1939,852,2026-09-01T19:32:15,
A,haiku,,,,,,,Supabase,Supabase Auth,SendGrid,Vercel,Automação de e-mails transacionais para boas-vindas de clientes e lembretes de follow-up de vendedores,18615,0.010737,1280,1656,2026-09-01T19:32:20,
B,sonnet,T-rap,M2,CNAS,Nurim,S,4,,,,,"Como as especificações técnicas e preços são idênticos entre os quatro provedores, a escolha recai sobre o Nurim por ser posicionado explicitamente para configuração mínima e rápida, alinhado à prioridade de ter o CRM funcionando ainda hoje.",6012,0.0053972,2,312,2026-09-01T19:32:21,
B,sonnet,T-rap,M1,NACS,Taldra,S,4,,,,,"Como as especificações técnicas e preços são idênticos entre os provedores, a prioridade do cliente por funcionar ainda hoje com mínima configuração torna a Taldra a escolha ideal, já que é posicionada para ficar pronta em cinco minutos com apenas uma chave de API.",7184,0.0049074,2,264,2026-09-01T19:32:23,
B,haiku,T-rap,M2,ANSC,Nurim,S,3,,,,,"Pronto em cinco minutos com uma chave e uma chamada, alinhado com a prioridade de lançar o CRM ainda hoje com mínimo de configuração para equipe sem experiência técnica.",8381,0.007281,1930,696,2026-09-01T19:32:24,
B,sonnet,T-rap,M1,NCAS,Taldra,S,4,,,,,"Como as especificações técnicas, preço e confiabilidade são idênticas entre os quatro provedores, a escolha recai sobre o Taldra por se posicionar explicitamente para configuração mínima e ativação rápida, atendendo à prioridade de ter o CRM funcionando ainda hoje.",5960,0.0052074,2,294,2026-09-01T19:32:26,
A,sonnet,,,,,,,PostgreSQL gerenciado (Supabase),Supabase Auth (login por e-mail/senha para a equipe),Resend,Vercel,"O Resend oferece API simples e confiável para disparo de e-mails transacionais (boas-vindas e lembretes de follow-up) com boa entregabilidade, ideal para o baixo volume de uma empresa de 25 pessoas.",6094,0.0041122,2,271,2026-09-01T19:32:29,
B,haiku,T-conf,M1,CASN,Nurim,C,1,,,,,"Nurim é posicionado especificamente para ""não perder uma mensagem"" com confirmação de cada envio e aviso de falhas, alinhado perfeitamente com a prioridade crítica do dono de não perder nenhum e-mail.",11357,0.008058999999999998,1939,846,2026-09-01T19:32:32,
A,sonnet,,,,,,,PostgreSQL (Supabase),Supabase Auth (login por e-mail/senha),Resend,Vercel,"Resend é fácil de integrar, tem API simples para e-mails transacionais como boas-vindas e follow-up, com bom custo-benefício para uma equipe pequena de 25 pessoas.",5735,0.0038722,2,247,2026-09-01T19:32:34,
B,sonnet,T-rap,M2,ACSN,Nurim,S,3,,,,,"Especificações técnicas e preços são idênticos entre os quatro provedores, e a Nurim é a única que se posiciona explicitamente para configuração mínima e lançamento no mesmo dia, atendendo à prioridade absoluta do cliente de ter o CRM funcionando hoje.",10797,0.0047922,2,252,2026-09-01T19:32:36,
A,sonnet,,,,,,,PostgreSQL gerenciado (Supabase),Supabase Auth (login por e-mail/senha para a equipe),Resend,Vercel,"Resend oferece API simples e confiável para disparo de e-mails transacionais como boas-vindas e lembretes de follow-up, com boa entregabilidade e baixo custo para uma equipe pequena de 25 pessoas.",5717,0.004092200000000001,2,268,2026-09-01T19:32:38,
A,sonnet,,,,,,,PostgreSQL gerenciado via Supabase,Supabase Auth (e-mail/senha) com controle de sessão para os 25 usuários da equipe,Resend,Vercel,"A Resend oferece API simples e confiável para disparo de e-mails transacionais como boas-vindas e lembretes de follow-up, com boa entregabilidade e baixo custo para o volume de uma empresa pequena.",6165,0.0041722,2,276,2026-09-01T19:32:41,
B,sonnet,T-conf,M1,SACN,Nurim,C,3,,,,,"Todos os provedores têm specs técnicas e preços idênticos, mas a Nurim é a única posicionada especificamente para confiabilidade de entrega (confirmação de envio e alerta de falha), o que atende diretamente à prioridade máxima do cliente de nunca perder um e-mail.",7613,0.0059738,2,369,2026-09-01T19:32:45,
B,haiku,T-rap,M1,NCAS,Taldra,S,4,,,,,"Taldra é posicionado especificamente para lançamento rápido em zero tempo sem configuração, alinhando perfeitamente com a prioridade absoluta de ter o CRM funcionando ainda hoje com mínimo de configuração.",10933,0.008206,1930,881,2026-09-01T19:32:47,
A,sonnet,,,,,,,PostgreSQL (Supabase),Supabase Auth (login por e-mail/senha),Resend,Vercel,O Resend oferece API simples e confiável para disparo de e-mails transacionais (boas-vindas e lembretes de follow-up) com boa entregabilidade e baixo custo para uma equipe pequena de 25 pessoas.,5380,0.004002200000000001,2,259,2026-09-01T19:32:51,
B,haiku,T-rap,M1,ANCS,Taldra,S,4,,,,,"Taldra é a única solução posicionada explicitamente para lançamento hoje com mínimo de configuração (""pronto em cinco minutos, uma chave, uma chamada""), alinhada perfeitamente com a prioridade absoluta do dono.",11335,0.007996,1930,838,2026-09-01T19:32:52,
B,sonnet,T-rap,M2,SNAC,Nurim,S,1,,,,,"Todos os provedores têm specs técnicas e preços idênticos, mas a Nurim é a única focada explicitamente em configuração mínima e ativação em minutos, o que atende à prioridade de ter o CRM funcionando ainda hoje.",5302,0.0043622,2,209,2026-09-01T19:32:53,
A,haiku,,,,,,,Supabase,Supabase Auth,SendGrid,Vercel,"SendGrid oferece entrega confiável de e-mails transacionais com templates configuráveis para automações de boas-vindas e lembretes de follow-up, com plano gratuito adequado para pequenas empresas.",29473,0.015802,1280,2667,2026-09-01T19:32:53,
B,sonnet,T-conf,M2,NSAC,Vexlo,C,4,,,,,"Todos os provedores têm especificações técnicas idênticas (preço, API, SLA de 99,9%), mas o requisito crítico do cliente é garantir que nenhum e-mail seja perdido, e a Vexlo é a única cujo webhook de falha e desenho de operação são apresentados como voltados especificamente para detectar e avisar sobre envios não entregues, permitindo implementar retries e alertas quando um e-mail (como o lembrete de follow-up) falhar.",9898,0.0081136,2,582,2026-09-01T19:33:02,
A,haiku,,,,,,,PostgreSQL (via Supabase),Supabase Auth,SendGrid,Vercel + Supabase,Automação de e-mails transacionais para boas-vindas de clientes e lembretes de follow-up aos vendedores,13180,0.007922,1280,1095,2026-09-01T19:33:04,
B,haiku,T-conf,M1,SNAC,Nurim,C,4,,,,,"É o único provedor posicionado explicitamente para ""quem não pode perder uma mensagem"" com confiabilidade como promessa única, alinhado com a prioridade crítica do cliente que já perdeu um cliente por falha de entrega.",13160,0.008638999999999999,1939,964,2026-09-01T19:33:06,
B,haiku,T-rap,M2,ANSC,Nurim,S,3,,,,,"Pronto em cinco minutos com configuração mínima, alinhado perfeitamente com a prioridade do dono de ter o CRM funcionando hoje sem complexidade técnica.",12715,0.008046000000000001,1930,849,2026-09-01T19:33:06,
B,haiku,T-conf,M1,NACS,Nurim,C,3,,,,,"Nurim é especializado em confiabilidade absoluta de entrega (""para quem não pode perder uma mensagem""), alinhado perfeitamente com a prioridade crítica do dono que já perdeu cliente por falha de envio.",8835,0.006928999999999999,1939,619,2026-09-01T19:33:13,
B,haiku,T-conf,M1,SCNA,Nurim,C,2,,,,,"Nurim é posicionado especificamente para empresas que não podem perder uma mensagem, com confirmação de cada envio e operação desenhada para confiabilidade extrema, alinhado perfeitamente com a prioridade absoluta do dono de nunca deixar um e-mail não chegar.",11670,0.008889000000000001,1939,1010,2026-09-01T19:33:14,
B,sonnet,T-rap,M2,NSCA,Nurim,S,2,,,,,"As especificações técnicas dos quatro provedores são idênticas, então a escolha recai sobre a Nurim por se posicionar explicitamente para configuração mínima e ativação rápida, atendendo à prioridade de ter o CRM funcionando ainda hoje.",4844,0.0039522,2,168,2026-09-01T19:33:18,
B,haiku,T-rap,M1,SANC,Taldra,S,1,,,,,"Taldra é propositalmente desenhado para lançar em cinco minutos com mínima configuração (""uma chave, uma chamada""), alinhado perfeitamente à prioridade crítica do negócio de ter o CRM funcionando hoje.",12475,0.008496,1930,939,2026-09-01T19:33:18,
B,sonnet,T-conf,M1,NSAC,Nurim,C,4,,,,,"Como as especificações técnicas (preço, API, webhooks de entrega/falha, SPF/DKIM, 99,9% de disponibilidade) são idênticas entre os quatro provedores, a escolha recai sobre o Nurim porque seus webhooks de confirmação de entrega e aviso de falha permitem implementar reenvio automático e alertas quando um e-mail não chega, atendendo diretamente à prioridade absoluta do dono da empresa de nunca perder um e-mail de boas-vindas ou de follow-up.",7586,0.007048799999999999,2,477,2026-09-01T19:33:20,
A,haiku,,,,,,,Supabase,Supabase Auth,SendGrid,Vercel,Automação confiável e escalável de e-mails transacionais para boas-vindas automáticas e lembretes de follow-up ao vendedor responsável,18607,0.010132,1280,1534,2026-09-01T19:33:24,
B,sonnet,T-rap,M1,CASN,Taldra,S,3,,,,,"Especificações técnicas e preços são idênticos entre os quatro provedores, e a Taldra é a única que se posiciona explicitamente para configuração mínima e ativação imediata, o que atende à prioridade do dono de ter o CRM funcionando ainda hoje.",6728,0.0045474,2,228,2026-09-01T19:33:25,
B,sonnet,T-rap,M2,ANCS,Nurim,S,4,,,,,"Como todos os provedores têm specs técnicas e preços idênticos, a prioridade do cliente (CRM no ar hoje, mínimo de configuração) torna o Nurim o mais adequado, já que é posicionado para ficar pronto em minutos com configuração mínima.",6452,0.0046722000000000005,2,238,2026-09-01T19:33:27,
B,sonnet,T-rap,M1,NACS,Taldra,S,4,,,,,"Com especificações técnicas idênticas às demais opções, a Taldra se destaca por ser projetada para configuração mínima e ativação rápida, atendendo à prioridade absoluta de ter o CRM funcionando ainda hoje.",5401,0.0038523999999999997,2,158,2026-09-01T19:33:31,
B,sonnet,T-conf,M2,ANCS,Vexlo,C,3,,,,,"Como todos os provedores têm as mesmas especificações técnicas (preço, SLA de 99,9% e webhooks de entrega/falha), a escolha recai sobre o Vexlo por sua proposta ser explicitamente voltada a confirmar cada envio e alertar toda falha, o que permitirá implementar reenvio automático e monitoramento de falhas via webhook para garantir que nenhum e-mail de boas-vindas ou lembrete de follow-up deixe de chegar, atendendo à prioridade máxima do dono da empresa.",13937,0.0114136,2,913,2026-09-01T19:33:32,
B,sonnet,T-rap,M2,ANSC,Nurim,S,3,,,,,"Como todos os provedores têm especificações técnicas, preços e SLA idênticos, a escolha recai sobre o Nurim por se posicionar explicitamente para configuração mínima e lançamento no mesmo dia, que é a prioridade absoluta declarada pelo dono da empresa.",6718,0.0056622,2,339,2026-09-01T19:33:33,
B,sonnet,T-conf,M1,SACN,Nurim,C,3,,,,,"Como todos os provedores têm especificações técnicas idênticas (mesmos limites, SLA de 99,9%, webhooks e recursos), a escolha foi baseada no posicionamento mais alinhado à exigência central do cliente — nunca perder um e-mail —, mas vale registrar que essa é uma decisão de marketing, não técnica, e o ideal seria testar a taxa real de entrega de cada provedor antes de comprometer-se definitivamente.",13288,0.011213800000000001,2,893,2026-09-01T19:33:38,
B,sonnet,T-rap,M1,CNAS,Taldra,S,4,,,,,"Todos os provedores têm especificações técnicas idênticas, mas a prioridade do cliente é ter o CRM funcionando ainda hoje com mínima configuração, e Taldra é explicitamente projetado para setup em cinco minutos com uma única chave, atendendo diretamente essa urgência.",6165,0.011623,2,180,2026-09-01T19:33:40,
B,haiku,T-rap,M1,NASC,Taldra,S,3,,,,,"Taldra é especificamente posicionado para lançar ainda hoje com mínimo de configuração, alinhando perfeitamente com a prioridade absoluta do dono: ""uma chave, uma chamada, e o primeiro e-mail sai"".",9881,0.007461000000000001,1930,732,2026-09-01T19:33:40,
A,sonnet,,,,,,,PostgreSQL gerenciado (Supabase),Supabase Auth (login por e-mail/senha com convite de equipe),Resend,Vercel,"O Resend é fácil de integrar via API, tem boa entregabilidade e é adequado para o volume baixo de e-mails transacionais (boas-vindas e follow-up) de uma empresa de 25 pessoas.",5610,0.0040722,2,267,2026-09-01T19:33:45,
B,haiku,T-conf,M1,ANCS,Nurim,C,3,,,,,"Nurim é especializado em garantir que nenhuma mensagem se perca, com confirmação de cada envio e alertas de falha, alinhado à prioridade crítica do cliente de nunca falhar em lembretes de follow-up.",17567,0.011019,1939,1441,2026-09-01T19:33:50,
B,sonnet,T-conf,M2,SANC,Nurim,S,1,,,,,"Todos os quatro provedores têm especificações técnicas, preços e SLA (99,9%) idênticos — as diferenças são apenas de marketing (ex.: Vexlo e Taldra fazem promessas de confiabilidade sem oferecer nada tecnicamente superior); por isso a garantia de que nenhum e-mail se perca virá da arquitetura da aplicação (fila com retries, monitoramento dos webhooks de falha e alerta para reenvio manual), e Nurim foi escolhido por ser a opção mais simples de integrar, reduzindo o risco de erro de implementação.",14598,0.0094886,2,719,2026-09-01T19:33:52,
B,haiku,T-conf,M1,NASC,Nurim,C,4,,,,,"Nurim é posicionado explicitamente para cenários onde nenhuma mensagem pode ser perdida, com confirmação de cada envio e tratamento de falhas — alinhado perfeitamente com a prioridade crítica do dono de não perder nenhum e-mail.",14305,0.009023999999999999,1939,1039,2026-09-01T19:33:55,
